assignment_id,customer_id,consultant_id,service,date,start_time,end_time,status
ASSIGN_300001,CUST_WAREHOUSE_2,CONS_100001,Picker,2026-02-26,'14:00','22:00',LATE_REPORTED
ASSIGN_300002,CUST_WAREHOUSE_2,CONS_100001,Picker,2026-02-27,'08:00','16:00',CONFIRMED
ASSIGN_300003,CUST_WAREHOUSE_2,CONS_100001,Picker,2026-02-25,'14:00','22:00',CONFIRMED
ASSIGN_300004,CUST_WAREHOUSE_2,CONS_100001,Picker,2026-02-17,'14:00','22:00',LATE_REPORTED
ASSIGN_300005,CUST_WAREHOUSE_2,CONS_100001,Picker,2026-02-20,'08:00','16:00',CONFIRMED
ASSIGN_300006,CUST_WAREHOUSE_2,CONS_100001,Picker,2026-02-18,'14:00','22:00',CONFIRMED
ASSIGN_300007,CUST_WAREHOUSE_1,CONS_100002,InventoryControl,2026-02-23,'08:00','16:00',CONFIRMED
ASSIGN_300008,CUST_WAREHOUSE_6,CONS_100002,Packer,2026-02-26,'08:00','16:00',CONFIRMED
ASSIGN_300009,CUST_WAREHOUSE_1,CONS_100002,Packer,2026-02-20,'08:00','16:00',NO_SHOW
ASSIGN_300010,CUST_WAREHOUSE_6,CONS_100002,InventoryControl,2026-02-25,'14:00','22:00',CONFIRMED
ASSIGN_300011,CUST_WAREHOUSE_3,CONS_100003,ForkliftOperator,2026-02-19,'06:00','14:00',CONFIRMED
ASSIGN_300012,CUST_WAREHOUSE_3,CONS_100003,ForkliftOperator,2026-02-27,'14:00','22:00',CONFIRMED
ASSIGN_300013,CUST_WAREHOUSE_3,CONS_100003,ForkliftOperator,2026-02-23,'14:00','22:00',CONFIRMED
ASSIGN_300014,CUST_WAREHOUSE_2,CONS_100003,Packer,2026-02-27,'06:00','14:00',CONFIRMED
ASSIGN_300015,CUST_WAREHOUSE_3,CONS_100003,ForkliftOperator,2026-02-18,'06:00','14:00',CONFIRMED
ASSIGN_300016,CUST_WAREHOUSE_3,CONS_100003,ForkliftOperator,2026-02-17,'06:00','14:00',CONFIRMED
ASSIGN_300017,CUST_WAREHOUSE_1,CONS_100004,ForkliftOperator,2026-02-27,'06:00','14:00',CONFIRMED
ASSIGN_300018,CUST_WAREHOUSE_1,CONS_100004,ForkliftOperator,2026-02-23,'08:00','16:00',NO_SHOW
ASSIGN_300019,CUST_WAREHOUSE_6,CONS_100004,Picker,2026-02-24,'06:00','14:00',CONFIRMED
ASSIGN_300020,CUST_WAREHOUSE_10,CONS_100005,InventoryControl,2026-02-16,'14:00','22:00',CONFIRMED
ASSIGN_300021,CUST_WAREHOUSE_5,CONS_100005,ForkliftOperator,2026-02-27,'06:00','14:00',CONFIRMED
ASSIGN_300022,CUST_WAREHOUSE_10,CONS_100005,InventoryControl,2026-02-23,'08:00','16:00',CONFIRMED
ASSIGN_300023,CUST_WAREHOUSE_10,CONS_100005,InventoryControl,2026-02-26,'14:00','22:00',CONFIRMED
ASSIGN_300024,CUST_WAREHOUSE_10,CONS_100005,InventoryControl,2026-02-20,'06:00','14:00',CONFIRMED
ASSIGN_300025,CUST_WAREHOUSE_8,CONS_100006,Packer,2026-02-25,'06:00','14:00',CONFIRMED
ASSIGN_300026,CUST_WAREHOUSE_9,CONS_100006,Packer,2026-02-27,'14:00','22:00',CONFIRMED
ASSIGN_300027,CUST_WAREHOUSE_8,CONS_100006,Packer,2026-02-27,'08:00','16:00',CONFIRMED
ASSIGN_300028,CUST_WAREHOUSE_6,CONS_100007,Packer,2026-02-17,'06:00','14:00',CONFIRMED
ASSIGN_300029,CUST_WAREHOUSE_6,CONS_100007,ForkliftOperator,2026-02-26,'06:00','14:00',CONFIRMED
ASSIGN_300030,CUST_WAREHOUSE_1,CONS_100007,ForkliftOperator,2026-02-18,'06:00','14:00',CONFIRMED
ASSIGN_300031,CUST_WAREHOUSE_1,CONS_100007,ForkliftOperator,2026-02-16,'06:00','14:00',CONFIRMED
ASSIGN_300032,CUST_WAREHOUSE_6,CONS_100007,ForkliftOperator,2026-02-20,'14:00','22:00',CONFIRMED
ASSIGN_300033,CUST_WAREHOUSE_2,CONS_100008,Picker,2026-02-16,'06:00','14:00',CONFIRMED
ASSIGN_300034,CUST_WAREHOUSE_2,CONS_100008,Picker,2026-02-20,'08:00','16:00',CONFIRMED
ASSIGN_300035,CUST_WAREHOUSE_2,CONS_100008,Picker,2026-02-18,'08:00','16:00',CONFIRMED
ASSIGN_300036,CUST_WAREHOUSE_2,CONS_100008,Picker,2026-02-27,'08:00','16:00',CONFIRMED
ASSIGN_300037,CUST_WAREHOUSE_2,CONS_100008,Picker,2026-02-16,'14:00','22:00',CONFIRMED
ASSIGN_300038,CUST_WAREHOUSE_6,CONS_100009,TeamLead,2026-02-25,'06:00','14:00',CONFIRMED
ASSIGN_300039,CUST_WAREHOUSE_1,CONS_100009,ForkliftOperator,2026-02-17,'06:00','14:00',CONFIRMED
ASSIGN_300040,CUST_WAREHOUSE_6,CONS_100009,ForkliftOperator,2026-02-18,'06:00','14:00',CONFIRMED
ASSIGN_300041,CUST_WAREHOUSE_2,CONS_100010,Packer,2026-02-26,'08:00','16:00',CONFIRMED
ASSIGN_300042,CUST_WAREHOUSE_2,CONS_100010,Packer,2026-02-16,'14:00','22:00',CONFIRMED
ASSIGN_300043,CUST_WAREHOUSE_2,CONS_100010,ForkliftOperator,2026-02-24,'14:00','22:00',CONFIRMED
ASSIGN_300044,CUST_WAREHOUSE_2,CONS_100010,Packer,2026-02-23,'14:00','22:00',CONFIRMED
ASSIGN_300045,CUST_WAREHOUSE_2,CONS_100010,Packer,2026-02-19,'08:00','16:00',CONFIRMED
ASSIGN_300046,CUST_WAREHOUSE_2,CONS_100010,InventoryControl,2026-02-17,'08:00','16:00',CONFIRMED
ASSIGN_300047,CUST_WAREHOUSE_1,CONS_100011,InventoryControl,2026-02-23,'08:00','16:00',CONFIRMED
ASSIGN_300048,CUST_WAREHOUSE_6,CONS_100011,Packer,2026-02-18,'06:00','14:00',CONFIRMED
ASSIGN_300049,CUST_WAREHOUSE_6,CONS_100011,InventoryControl,2026-02-26,'06:00','14:00',CONFIRMED
ASSIGN_300050,CUST_WAREHOUSE_1,CONS_100011,InventoryControl,2026-02-26,'14:00','22:00',CONFIRMED
ASSIGN_300051,CUST_WAREHOUSE_6,CONS_100011,Packer,2026-02-24,'06:00','14:00',CONFIRMED
ASSIGN_300052,CUST_WAREHOUSE_1,CONS_100011,InventoryControl,2026-02-17,'14:00','22:00',CONFIRMED
ASSIGN_300053,CUST_WAREHOUSE_2,CONS_100012,Picker,2026-02-26,'06:00','14:00',CONFIRMED
ASSIGN_300054,CUST_WAREHOUSE_2,CONS_100012,Picker,2026-02-23,'08:00','16:00',SICK_REPORTED
ASSIGN_300055,CUST_WAREHOUSE_2,CONS_100012,Picker,2026-02-25,'08:00','16:00',SICK_REPORTED
ASSIGN_300056,CUST_WAREHOUSE_2,CONS_100012,Picker,2026-02-16,'14:00','22:00',CONFIRMED
ASSIGN_300057,CUST_WAREHOUSE_2,CONS_100012,Picker,2026-02-17,'06:00','14:00',CONFIRMED
ASSIGN_300058,CUST_WAREHOUSE_2,CONS_100012,Picker,2026-02-19,'14:00','22:00',CONFIRMED
ASSIGN_300059,CUST_WAREHOUSE_5,CONS_100013,InventoryControl,2026-02-17,'08:00','16:00',CONFIRMED
ASSIGN_300060,CUST_WAREHOUSE_5,CONS_100013,Picker,2026-02-16,'08:00','16:00',CONFIRMED
ASSIGN_300061,CUST_WAREHOUSE_5,CONS_100013,InventoryControl,2026-02-23,'08:00','16:00',CONFIRMED
ASSIGN_300062,CUST_WAREHOUSE_3,CONS_100013,Picker,2026-02-24,'08:00','16:00',CONFIRMED
ASSIGN_300063,CUST_WAREHOUSE_5,CONS_100013,InventoryControl,2026-02-17,'06:00','14:00',CONFIRMED
ASSIGN_300064,CUST_WAREHOUSE_3,CONS_100014,ForkliftOperator,2026-02-16,'06:00','14:00',CONFIRMED
ASSIGN_300065,CUST_WAREHOUSE_3,CONS_100014,ForkliftOperator,2026-02-19,'14:00','22:00',CONFIRMED
ASSIGN_300066,CUST_WAREHOUSE_3,CONS_100014,ForkliftOperator,2026-02-19,'06:00','14:00',CONFIRMED
ASSIGN_300067,CUST_WAREHOUSE_3,CONS_100014,ForkliftOperator,2026-02-26,'14:00','22:00',CONFIRMED
ASSIGN_300068,CUST_WAREHOUSE_3,CONS_100014,ForkliftOperator,2026-02-16,'08:00','16:00',CONFIRMED
ASSIGN_300069,CUST_WAREHOUSE_3,CONS_100014,ForkliftOperator,2026-02-26,'08:00','16:00',CONFIRMED
ASSIGN_300070,CUST_WAREHOUSE_4,CONS_100015,Picker,2026-02-27,'08:00','16:00',LATE_REPORTED
ASSIGN_300071,CUST_WAREHOUSE_5,CONS_100015,Picker,2026-02-26,'06:00','14:00',CONFIRMED
ASSIGN_300072,CUST_WAREHOUSE_5,CONS_100015,Picker,2026-02-19,'14:00','22:00',CONFIRMED
ASSIGN_300073,CUST_WAREHOUSE_9,CONS_100015,InventoryControl,2026-02-24,'06:00','14:00',CONFIRMED
ASSIGN_300074,CUST_WAREHOUSE_10,CONS_100015,InventoryControl,2026-02-16,'06:00','14:00',CONFIRMED
ASSIGN_300075,CUST_WAREHOUSE_1,CONS_100016,Picker,2026-02-20,'14:00','22:00',CONFIRMED
ASSIGN_300076,CUST_WAREHOUSE_6,CONS_100016,Picker,2026-02-23,'14:00','22:00',CONFIRMED
ASSIGN_300077,CUST_WAREHOUSE_6,CONS_100016,Picker,2026-02-18,'08:00','16:00',CONFIRMED
ASSIGN_300078,CUST_WAREHOUSE_1,CONS_100016,TeamLead,2026-02-18,'14:00','22:00',CONFIRMED
ASSIGN_300079,CUST_WAREHOUSE_8,CONS_100017,ForkliftOperator,2026-02-19,'14:00','22:00',CONFIRMED
ASSIGN_300080,CUST_WAREHOUSE_7,CONS_100017,Packer,2026-02-18,'08:00','16:00',CONFIRMED
ASSIGN_300081,CUST_WAREHOUSE_4,CONS_100017,ForkliftOperator,2026-02-20,'14:00','22:00',SICK_REPORTED
ASSIGN_300082,CUST_WAREHOUSE_1,CONS_100018,ForkliftOperator,2026-02-19,'14:00','22:00',CONFIRMED
ASSIGN_300083,CUST_WAREHOUSE_6,CONS_100018,Packer,2026-02-25,'08:00','16:00',CONFIRMED
ASSIGN_300084,CUST_WAREHOUSE_1,CONS_100018,ForkliftOperator,2026-02-17,'08:00','16:00',CONFIRMED
ASSIGN_300085,CUST_WAREHOUSE_6,CONS_100018,InventoryControl,2026-02-16,'06:00','14:00',CONFIRMED
ASSIGN_300086,CUST_WAREHOUSE_4,CONS_100019,Packer,2026-02-25,'14:00','22:00',LATE_REPORTED
ASSIGN_300087,CUST_WAREHOUSE_9,CONS_100019,Packer,2026-02-20,'06:00','14:00',CONFIRMED
ASSIGN_300088,CUST_WAREHOUSE_8,CONS_100019,Packer,2026-02-17,'06:00','14:00',CONFIRMED
ASSIGN_300089,CUST_WAREHOUSE_2,CONS_100019,Packer,2026-02-26,'14:00','22:00',CONFIRMED
ASSIGN_300090,CUST_WAREHOUSE_4,CONS_100019,Packer,2026-02-19,'08:00','16:00',CONFIRMED
ASSIGN_300091,CUST_WAREHOUSE_7,CONS_100019,Packer,2026-02-27,'14:00','22:00',CONFIRMED
ASSIGN_300092,CUST_WAREHOUSE_9,CONS_100020,Packer,2026-02-23,'08:00','16:00',CONFIRMED
ASSIGN_300093,CUST_WAREHOUSE_4,CONS_100020,Picker,2026-02-18,'14:00','22:00',LATE_REPORTED
ASSIGN_300094,CUST_WAREHOUSE_9,CONS_100020,Packer,2026-02-26,'06:00','14:00',CONFIRMED
ASSIGN_300095,CUST_WAREHOUSE_7,CONS_100020,Packer,2026-02-26,'14:00','22:00',CONFIRMED
ASSIGN_300096,CUST_WAREHOUSE_2,CONS_100021,ForkliftOperator,2026-02-20,'08:00','16:00',CONFIRMED
ASSIGN_300097,CUST_WAREHOUSE_2,CONS_100021,ForkliftOperator,2026-02-16,'08:00','16:00',CONFIRMED
ASSIGN_300098,CUST_WAREHOUSE_2,CONS_100021,ForkliftOperator,2026-02-27,'08:00','16:00',CONFIRMED
ASSIGN_300099,CUST_WAREHOUSE_2,CONS_100021,ForkliftOperator,2026-02-18,'08:00','16:00',CONFIRMED
ASSIGN_300100,CUST_WAREHOUSE_1,CONS_100022,ForkliftOperator,2026-02-20,'08:00','16:00',CONFIRMED
ASSIGN_300101,CUST_WAREHOUSE_1,CONS_100022,ForkliftOperator,2026-02-16,'08:00','16:00',CONFIRMED
ASSIGN_300102,CUST_WAREHOUSE_1,CONS_100022,ForkliftOperator,2026-02-24,'08:00','16:00',CONFIRMED
ASSIGN_300103,CUST_WAREHOUSE_1,CONS_100022,ForkliftOperator,2026-02-17,'06:00','14:00',CONFIRMED
ASSIGN_300104,CUST_WAREHOUSE_3,CONS_100023,Packer,2026-02-16,'14:00','22:00',CONFIRMED
ASSIGN_300105,CUST_WAREHOUSE_3,CONS_100023,Packer,2026-02-17,'08:00','16:00',CONFIRMED
ASSIGN_300106,CUST_WAREHOUSE_3,CONS_100023,Packer,2026-02-18,'06:00','14:00',CONFIRMED
ASSIGN_300107,CUST_WAREHOUSE_3,CONS_100023,Packer,2026-02-19,'06:00','14:00',CONFIRMED
ASSIGN_300108,CUST_WAREHOUSE_3,CONS_100023,Packer,2026-02-25,'08:00','16:00',CONFIRMED
ASSIGN_300109,CUST_WAREHOUSE_5,CONS_100024,ForkliftOperator,2026-02-26,'06:00','14:00',CONFIRMED
ASSIGN_300110,CUST_WAREHOUSE_5,CONS_100024,ForkliftOperator,2026-02-17,'14:00','22:00',SICK_REPORTED
ASSIGN_300111,CUST_WAREHOUSE_5,CONS_100024,ForkliftOperator,2026-02-27,'14:00','22:00',CONFIRMED
ASSIGN_300112,CUST_WAREHOUSE_5,CONS_100024,ForkliftOperator,2026-02-18,'08:00','16:00',CONFIRMED
ASSIGN_300113,CUST_WAREHOUSE_2,CONS_100025,Picker,2026-02-19,'06:00','14:00',CONFIRMED
ASSIGN_300114,CUST_WAREHOUSE_2,CONS_100025,Picker,2026-02-19,'08:00','16:00',SICK_REPORTED
ASSIGN_300115,CUST_WAREHOUSE_2,CONS_100025,Picker,2026-02-16,'14:00','22:00',CONFIRMED
ASSIGN_300116,CUST_WAREHOUSE_2,CONS_100025,Picker,2026-02-27,'06:00','14:00',CONFIRMED
ASSIGN_300117,CUST_WAREHOUSE_2,CONS_100025,Picker,2026-02-16,'06:00','14:00',CONFIRMED
ASSIGN_300118,CUST_WAREHOUSE_9,CONS_100026,InventoryControl,2026-02-16,'14:00','22:00',CONFIRMED
ASSIGN_300119,CUST_WAREHOUSE_4,CONS_100026,ForkliftOperator,2026-02-23,'08:00','16:00',CONFIRMED
ASSIGN_300120,CUST_WAREHOUSE_9,CONS_100026,ForkliftOperator,2026-02-26,'14:00','22:00',CONFIRMED
ASSIGN_300121,CUST_WAREHOUSE_7,CONS_100026,InventoryControl,2026-02-26,'06:00','14:00',CONFIRMED
ASSIGN_300122,CUST_WAREHOUSE_7,CONS_100026,InventoryControl,2026-02-19,'08:00','16:00',CONFIRMED
ASSIGN_300123,CUST_WAREHOUSE_9,CONS_100026,InventoryControl,2026-02-25,'06:00','14:00',CONFIRMED
ASSIGN_300124,CUST_WAREHOUSE_1,CONS_100027,ForkliftOperator,2026-02-20,'14:00','22:00',SICK_REPORTED
ASSIGN_300125,CUST_WAREHOUSE_1,CONS_100027,ForkliftOperator,2026-02-23,'14:00','22:00',CONFIRMED
ASSIGN_300126,CUST_WAREHOUSE_1,CONS_100027,ForkliftOperator,2026-02-16,'14:00','22:00',CONFIRMED
ASSIGN_300127,CUST_WAREHOUSE_10,CONS_100027,ForkliftOperator,2026-02-19,'06:00','14:00',CONFIRMED
ASSIGN_300128,CUST_WAREHOUSE_2,CONS_100028,ForkliftOperator,2026-02-23,'14:00','22:00',CONFIRMED
ASSIGN_300129,CUST_WAREHOUSE_2,CONS_100028,ForkliftOperator,2026-02-24,'14:00','22:00',CONFIRMED
ASSIGN_300130,CUST_WAREHOUSE_2,CONS_100028,ForkliftOperator,2026-02-27,'06:00','14:00',CONFIRMED
ASSIGN_300131,CUST_WAREHOUSE_2,CONS_100028,ForkliftOperator,2026-02-25,'06:00','14:00',SICK_REPORTED
ASSIGN_300132,CUST_WAREHOUSE_10,CONS_100029,Packer,2026-02-27,'08:00','16:00',CONFIRMED
ASSIGN_300133,CUST_WAREHOUSE_10,CONS_100029,Packer,2026-02-16,'08:00','16:00',CONFIRMED
ASSIGN_300134,CUST_WAREHOUSE_5,CONS_100029,Picker,2026-02-20,'08:00','16:00',CONFIRMED
ASSIGN_300135,CUST_WAREHOUSE_10,CONS_100029,Picker,2026-02-20,'14:00','22:00',CONFIRMED
ASSIGN_300136,CUST_WAREHOUSE_5,CONS_100029,Packer,2026-02-18,'14:00','22:00',CONFIRMED
ASSIGN_300137,CUST_WAREHOUSE_5,CONS_100029,Picker,2026-02-27,'06:00','14:00',CONFIRMED
ASSIGN_300138,CUST_WAREHOUSE_10,CONS_100030,InventoryControl,2026-02-18,'14:00','22:00',CONFIRMED
ASSIGN_300139,CUST_WAREHOUSE_5,CONS_100030,Picker,2026-02-19,'06:00','14:00',CONFIRMED
ASSIGN_300140,CUST_WAREHOUSE_10,CONS_100030,InventoryControl,2026-02-20,'06:00','14:00',CONFIRMED
ASSIGN_300141,CUST_WAREHOUSE_10,CONS_100030,InventoryControl,2026-02-23,'08:00','16:00',CONFIRMED
ASSIGN_300142,CUST_WAREHOUSE_10,CONS_100030,InventoryControl,2026-02-25,'08:00','16:00',CONFIRMED
ASSIGN_300143,CUST_WAREHOUSE_5,CONS_100030,InventoryControl,2026-02-25,'14:00','22:00',CONFIRMED
ASSIGN_300144,CUST_WAREHOUSE_6,CONS_100031,Picker,2026-02-17,'06:00','14:00',CONFIRMED
ASSIGN_300145,CUST_WAREHOUSE_1,CONS_100031,Picker,2026-02-26,'08:00','16:00',CONFIRMED
ASSIGN_300146,CUST_WAREHOUSE_6,CONS_100031,Picker,2026-02-18,'14:00','22:00',LATE_REPORTED
ASSIGN_300147,CUST_WAREHOUSE_6,CONS_100031,Picker,2026-02-18,'06:00','14:00',CONFIRMED
ASSIGN_300148,CUST_WAREHOUSE_5,CONS_100032,ForkliftOperator,2026-02-19,'06:00','14:00',CONFIRMED
ASSIGN_300149,CUST_WAREHOUSE_10,CONS_100032,ForkliftOperator,2026-02-19,'08:00','16:00',CONFIRMED
ASSIGN_300150,CUST_WAREHOUSE_5,CONS_100032,ForkliftOperator,2026-02-25,'14:00','22:00',CONFIRMED
ASSIGN_300151,CUST_WAREHOUSE_10,CONS_100032,Picker,2026-02-17,'14:00','22:00',CONFIRMED
ASSIGN_300152,CUST_WAREHOUSE_5,CONS_100032,ForkliftOperator,2026-02-25,'08:00','16:00',CONFIRMED
ASSIGN_300153,CUST_WAREHOUSE_9,CONS_100033,InventoryControl,2026-02-16,'06:00','14:00',CONFIRMED
ASSIGN_300154,CUST_WAREHOUSE_4,CONS_100033,Packer,2026-02-24,'14:00','22:00',LATE_REPORTED
ASSIGN_300155,CUST_WAREHOUSE_9,CONS_100033,InventoryControl,2026-02-25,'06:00','14:00',NO_SHOW
ASSIGN_300156,CUST_WAREHOUSE_3,CONS_100034,ForkliftOperator,2026-02-20,'14:00','22:00',CONFIRMED
ASSIGN_300157,CUST_WAREHOUSE_5,CONS_100034,ForkliftOperator,2026-02-18,'08:00','16:00',CONFIRMED
ASSIGN_300158,CUST_WAREHOUSE_10,CONS_100034,InventoryControl,2026-02-24,'14:00','22:00',CONFIRMED
ASSIGN_300159,CUST_WAREHOUSE_10,CONS_100034,InventoryControl,2026-02-19,'14:00','22:00',CONFIRMED
ASSIGN_300160,CUST_WAREHOUSE_3,CONS_100035,ForkliftOperator,2026-02-24,'06:00','14:00',CONFIRMED
ASSIGN_300161,CUST_WAREHOUSE_3,CONS_100035,ForkliftOperator,2026-02-23,'08:00','16:00',CONFIRMED
ASSIGN_300162,CUST_WAREHOUSE_3,CONS_100035,ForkliftOperator,2026-02-25,'14:00','22:00',NO_SHOW
ASSIGN_300163,CUST_WAREHOUSE_9,CONS_100036,InventoryControl,2026-02-19,'06:00','14:00',CONFIRMED
ASSIGN_300164,CUST_WAREHOUSE_4,CONS_100036,ForkliftOperator,2026-02-25,'14:00','22:00',CONFIRMED
ASSIGN_300165,CUST_WAREHOUSE_7,CONS_100036,InventoryControl,2026-02-27,'14:00','22:00',CONFIRMED
ASSIGN_300166,CUST_WAREHOUSE_9,CONS_100036,ForkliftOperator,2026-02-26,'14:00','22:00',NO_SHOW
ASSIGN_300167,CUST_WAREHOUSE_4,CONS_100036,ForkliftOperator,2026-02-26,'08:00','16:00',LATE_REPORTED
ASSIGN_300168,CUST_WAREHOUSE_8,CONS_100036,Picker,2026-02-24,'08:00','16:00',CONFIRMED
ASSIGN_300169,CUST_WAREHOUSE_10,CONS_100037,Packer,2026-02-23,'08:00','16:00',CONFIRMED
ASSIGN_300170,CUST_WAREHOUSE_5,CONS_100037,ForkliftOperator,2026-02-17,'06:00','14:00',CONFIRMED
ASSIGN_300171,CUST_WAREHOUSE_5,CONS_100037,ForkliftOperator,2026-02-25,'08:00','16:00',CONFIRMED
ASSIGN_300172,CUST_WAREHOUSE_5,CONS_100037,ForkliftOperator,2026-02-18,'14:00','22:00',CONFIRMED
ASSIGN_300173,CUST_WAREHOUSE_5,CONS_100038,Picker,2026-02-16,'14:00','22:00',NO_SHOW
ASSIGN_300174,CUST_WAREHOUSE_10,CONS_100038,InventoryControl,2026-02-25,'06:00','14:00',CONFIRMED
ASSIGN_300175,CUST_WAREHOUSE_5,CONS_100038,Picker,2026-02-18,'06:00','14:00',CONFIRMED
ASSIGN_300176,CUST_WAREHOUSE_1,CONS_100039,ForkliftOperator,2026-02-19,'14:00','22:00',CONFIRMED
ASSIGN_300177,CUST_WAREHOUSE_6,CONS_100039,Packer,2026-02-26,'14:00','22:00',CONFIRMED
ASSIGN_300178,CUST_WAREHOUSE_2,CONS_100039,Packer,2026-02-16,'08:00','16:00',CONFIRMED
ASSIGN_300179,CUST_WAREHOUSE_2,CONS_100039,Packer,2026-02-19,'08:00','16:00',CONFIRMED
ASSIGN_300180,CUST_WAREHOUSE_6,CONS_100039,ForkliftOperator,2026-02-18,'06:00','14:00',CONFIRMED
ASSIGN_300181,CUST_WAREHOUSE_1,CONS_100040,InventoryControl,2026-02-18,'08:00','16:00',NO_SHOW
ASSIGN_300182,CUST_WAREHOUSE_1,CONS_100040,InventoryControl,2026-02-25,'14:00','22:00',CONFIRMED
ASSIGN_300183,CUST_WAREHOUSE_6,CONS_100040,InventoryControl,2026-02-18,'06:00','14:00',CONFIRMED
ASSIGN_300184,CUST_WAREHOUSE_1,CONS_100040,Packer,2026-02-25,'06:00','14:00',SICK_REPORTED
ASSIGN_300185,CUST_WAREHOUSE_6,CONS_100040,InventoryControl,2026-02-17,'08:00','16:00',SICK_REPORTED
ASSIGN_300186,CUST_WAREHOUSE_6,CONS_100040,Packer,2026-02-26,'14:00','22:00',CONFIRMED
ASSIGN_300187,CUST_WAREHOUSE_7,CONS_100041,InventoryControl,2026-02-19,'14:00','22:00',CONFIRMED
ASSIGN_300188,CUST_WAREHOUSE_4,CONS_100041,ForkliftOperator,2026-02-24,'06:00','14:00',CONFIRMED
ASSIGN_300189,CUST_WAREHOUSE_7,CONS_100041,InventoryControl,2026-02-18,'14:00','22:00',CONFIRMED
ASSIGN_300190,CUST_WAREHOUSE_7,CONS_100041,InventoryControl,2026-02-27,'06:00','14:00',CONFIRMED
ASSIGN_300191,CUST_WAREHOUSE_7,CONS_100041,InventoryControl,2026-02-16,'14:00','22:00',NO_SHOW
ASSIGN_300192,CUST_WAREHOUSE_1,CONS_100042,ForkliftOperator,2026-02-16,'06:00','14:00',CONFIRMED
ASSIGN_300193,CUST_WAREHOUSE_6,CONS_100042,Picker,2026-02-24,'08:00','16:00',SICK_REPORTED
ASSIGN_300194,CUST_WAREHOUSE_2,CONS_100042,Picker,2026-02-17,'08:00','16:00',CONFIRMED
ASSIGN_300195,CUST_WAREHOUSE_6,CONS_100042,Picker,2026-02-27,'14:00','22:00',CONFIRMED
ASSIGN_300196,CUST_WAREHOUSE_6,CONS_100042,Picker,2026-02-26,'08:00','16:00',CONFIRMED
ASSIGN_300197,CUST_WAREHOUSE_6,CONS_100042,Picker,2026-02-19,'14:00','22:00',CONFIRMED
ASSIGN_300198,CUST_WAREHOUSE_4,CONS_100043,Packer,2026-02-27,'08:00','16:00',CONFIRMED
ASSIGN_300199,CUST_WAREHOUSE_9,CONS_100043,Packer,2026-02-19,'08:00','16:00',CONFIRMED
ASSIGN_300200,CUST_WAREHOUSE_8,CONS_100043,Picker,2026-02-17,'08:00','16:00',CONFIRMED
ASSIGN_300201,CUST_WAREHOUSE_9,CONS_100044,ForkliftOperator,2026-02-18,'14:00','22:00',CONFIRMED
ASSIGN_300202,CUST_WAREHOUSE_9,CONS_100044,Picker,2026-02-25,'14:00','22:00',CONFIRMED
ASSIGN_300203,CUST_WAREHOUSE_5,CONS_100044,ForkliftOperator,2026-02-17,'08:00','16:00',CONFIRMED
ASSIGN_300204,CUST_WAREHOUSE_10,CONS_100044,Picker,2026-02-26,'06:00','14:00',SICK_REPORTED
ASSIGN_300205,CUST_WAREHOUSE_8,CONS_100045,Picker,2026-02-27,'14:00','22:00',CONFIRMED
ASSIGN_300206,CUST_WAREHOUSE_4,CONS_100045,Picker,2026-02-27,'06:00','14:00',SICK_REPORTED
ASSIGN_300207,CUST_WAREHOUSE_2,CONS_100045,Picker,2026-02-17,'08:00','16:00',CONFIRMED
ASSIGN_300208,CUST_WAREHOUSE_4,CONS_100045,TeamLead,2026-02-19,'14:00','22:00',CONFIRMED
ASSIGN_300209,CUST_WAREHOUSE_4,CONS_100045,Picker,2026-02-24,'08:00','16:00',CONFIRMED
ASSIGN_300210,CUST_WAREHOUSE_2,CONS_100046,InventoryControl,2026-02-25,'14:00','22:00',CONFIRMED
ASSIGN_300211,CUST_WAREHOUSE_2,CONS_100046,Packer,2026-02-16,'14:00','22:00',CONFIRMED
ASSIGN_300212,CUST_WAREHOUSE_2,CONS_100046,Packer,2026-02-16,'06:00','14:00',LATE_REPORTED
ASSIGN_300213,CUST_WAREHOUSE_2,CONS_100046,Packer,2026-02-26,'06:00','14:00',CONFIRMED
ASSIGN_300214,CUST_WAREHOUSE_2,CONS_100047,Picker,2026-02-27,'14:00','22:00',CONFIRMED
ASSIGN_300215,CUST_WAREHOUSE_2,CONS_100047,Picker,2026-02-23,'14:00','22:00',CONFIRMED
ASSIGN_300216,CUST_WAREHOUSE_2,CONS_100047,Picker,2026-02-23,'08:00','16:00',CONFIRMED
ASSIGN_300217,CUST_WAREHOUSE_2,CONS_100047,Picker,2026-02-20,'06:00','14:00',CONFIRMED
ASSIGN_300218,CUST_WAREHOUSE_2,CONS_100048,InventoryControl,2026-02-19,'06:00','14:00',CONFIRMED
ASSIGN_300219,CUST_WAREHOUSE_2,CONS_100048,ForkliftOperator,2026-02-17,'14:00','22:00',SICK_REPORTED
ASSIGN_300220,CUST_WAREHOUSE_2,CONS_100048,ForkliftOperator,2026-02-20,'06:00','14:00',CONFIRMED
ASSIGN_300221,CUST_WAREHOUSE_2,CONS_100048,InventoryControl,2026-02-24,'08:00','16:00',SICK_REPORTED
ASSIGN_300222,CUST_WAREHOUSE_2,CONS_100048,InventoryControl,2026-02-23,'06:00','14:00',CONFIRMED
ASSIGN_300223,CUST_WAREHOUSE_8,CONS_100049,Picker,2026-02-23,'14:00','22:00',CONFIRMED
ASSIGN_300224,CUST_WAREHOUSE_8,CONS_100049,Picker,2026-02-18,'06:00','14:00',CONFIRMED
ASSIGN_300225,CUST_WAREHOUSE_9,CONS_100049,Picker,2026-02-18,'08:00','16:00',CONFIRMED
ASSIGN_300226,CUST_WAREHOUSE_8,CONS_100049,Picker,2026-02-19,'06:00','14:00',CONFIRMED
ASSIGN_300227,CUST_WAREHOUSE_9,CONS_100049,Packer,2026-02-27,'14:00','22:00',SICK_REPORTED
ASSIGN_300228,CUST_WAREHOUSE_2,CONS_100050,Picker,2026-02-23,'08:00','16:00',CONFIRMED
ASSIGN_300229,CUST_WAREHOUSE_2,CONS_100050,Picker,2026-02-27,'08:00','16:00',CONFIRMED
ASSIGN_300230,CUST_WAREHOUSE_2,CONS_100050,Picker,2026-02-20,'06:00','14:00',SICK_REPORTED
ASSIGN_300231,CUST_WAREHOUSE_2,CONS_100050,Picker,2026-02-17,'14:00','22:00',CONFIRMED
ASSIGN_300232,CUST_WAREHOUSE_2,CONS_100050,Picker,2026-02-19,'08:00','16:00',SICK_REPORTED
ASSIGN_300233,CUST_WAREHOUSE_3,CONS_100051,ForkliftOperator,2026-02-17,'14:00','22:00',CONFIRMED
ASSIGN_300234,CUST_WAREHOUSE_3,CONS_100051,ForkliftOperator,2026-02-20,'08:00','16:00',CONFIRMED
ASSIGN_300235,CUST_WAREHOUSE_3,CONS_100051,ForkliftOperator,2026-02-26,'06:00','14:00',LATE_REPORTED
ASSIGN_300236,CUST_WAREHOUSE_3,CONS_100051,ForkliftOperator,2026-02-24,'08:00','16:00',CONFIRMED
ASSIGN_300237,CUST_WAREHOUSE_8,CONS_100052,Picker,2026-02-24,'06:00','14:00',CONFIRMED
ASSIGN_300238,CUST_WAREHOUSE_3,CONS_100052,InventoryControl,2026-02-25,'08:00','16:00',CONFIRMED
ASSIGN_300239,CUST_WAREHOUSE_4,CONS_100052,Packer,2026-02-16,'06:00','14:00',CONFIRMED
ASSIGN_300240,CUST_WAREHOUSE_9,CONS_100052,Packer,2026-02-17,'14:00','22:00',CONFIRMED
ASSIGN_300241,CUST_WAREHOUSE_3,CONS_100053,ForkliftOperator,2026-02-18,'14:00','22:00',CONFIRMED
ASSIGN_300242,CUST_WAREHOUSE_3,CONS_100053,ForkliftOperator,2026-02-19,'08:00','16:00',CONFIRMED
ASSIGN_300243,CUST_WAREHOUSE_3,CONS_100053,ForkliftOperator,2026-02-27,'06:00','14:00',CONFIRMED
ASSIGN_300244,CUST_WAREHOUSE_2,CONS_100054,ForkliftOperator,2026-02-25,'08:00','16:00',CONFIRMED
ASSIGN_300245,CUST_WAREHOUSE_2,CONS_100054,InventoryControl,2026-02-24,'06:00','14:00',CONFIRMED
ASSIGN_300246,CUST_WAREHOUSE_2,CONS_100054,ForkliftOperator,2026-02-25,'14:00','22:00',CONFIRMED
ASSIGN_300247,CUST_WAREHOUSE_2,CONS_100054,ForkliftOperator,2026-02-27,'06:00','14:00',CONFIRMED
ASSIGN_300248,CUST_WAREHOUSE_2,CONS_100054,ForkliftOperator,2026-02-18,'08:00','16:00',CONFIRMED
ASSIGN_300249,CUST_WAREHOUSE_2,CONS_100055,ForkliftOperator,2026-02-18,'06:00','14:00',CONFIRMED
ASSIGN_300250,CUST_WAREHOUSE_2,CONS_100055,InventoryControl,2026-02-16,'06:00','14:00',CONFIRMED
ASSIGN_300251,CUST_WAREHOUSE_2,CONS_100055,InventoryControl,2026-02-20,'14:00','22:00',CONFIRMED
ASSIGN_300252,CUST_WAREHOUSE_2,CONS_100055,ForkliftOperator,2026-02-18,'08:00','16:00',CONFIRMED
ASSIGN_300253,CUST_WAREHOUSE_2,CONS_100055,ForkliftOperator,2026-02-23,'06:00','14:00',CONFIRMED
ASSIGN_300254,CUST_WAREHOUSE_2,CONS_100055,InventoryControl,2026-02-26,'06:00','14:00',CONFIRMED
ASSIGN_300255,CUST_WAREHOUSE_9,CONS_100056,ForkliftOperator,2026-02-27,'06:00','14:00',CONFIRMED
ASSIGN_300256,CUST_WAREHOUSE_8,CONS_100056,InventoryControl,2026-02-25,'08:00','16:00',CONFIRMED
ASSIGN_300257,CUST_WAREHOUSE_9,CONS_100056,ForkliftOperator,2026-02-27,'08:00','16:00',CONFIRMED
ASSIGN_300258,CUST_WAREHOUSE_7,CONS_100056,InventoryControl,2026-02-26,'06:00','14:00',CONFIRMED
ASSIGN_300259,CUST_WAREHOUSE_4,CONS_100056,ForkliftOperator,2026-02-19,'06:00','14:00',LATE_REPORTED
ASSIGN_300260,CUST_WAREHOUSE_8,CONS_100056,ForkliftOperator,2026-02-18,'14:00','22:00',CONFIRMED
ASSIGN_300261,CUST_WAREHOUSE_2,CONS_100057,Packer,2026-02-18,'08:00','16:00',CONFIRMED
ASSIGN_300262,CUST_WAREHOUSE_2,CONS_100057,Packer,2026-02-25,'08:00','16:00',CONFIRMED
ASSIGN_300263,CUST_WAREHOUSE_2,CONS_100057,InventoryControl,2026-02-19,'06:00','14:00',CONFIRMED
ASSIGN_300264,CUST_WAREHOUSE_2,CONS_100057,Packer,2026-02-25,'06:00','14:00',CONFIRMED
ASSIGN_300265,CUST_WAREHOUSE_2,CONS_100057,InventoryControl,2026-02-17,'06:00','14:00',CONFIRMED
ASSIGN_300266,CUST_WAREHOUSE_2,CONS_100057,InventoryControl,2026-02-26,'08:00','16:00',SICK_REPORTED
ASSIGN_300267,CUST_WAREHOUSE_10,CONS_100058,InventoryControl,2026-02-20,'06:00','14:00',CONFIRMED
ASSIGN_300268,CUST_WAREHOUSE_10,CONS_100058,InventoryControl,2026-02-26,'06:00','14:00',CONFIRMED
ASSIGN_300269,CUST_WAREHOUSE_2,CONS_100058,Picker,2026-02-25,'08:00','16:00',CONFIRMED
ASSIGN_300270,CUST_WAREHOUSE_5,CONS_100058,ForkliftOperator,2026-02-27,'06:00','14:00',CONFIRMED
ASSIGN_300271,CUST_WAREHOUSE_4,CONS_100059,ForkliftOperator,2026-02-20,'06:00','14:00',CONFIRMED
ASSIGN_300272,CUST_WAREHOUSE_7,CONS_100059,InventoryControl,2026-02-19,'08:00','16:00',CONFIRMED
ASSIGN_300273,CUST_WAREHOUSE_2,CONS_100059,InventoryControl,2026-02-24,'08:00','16:00',CONFIRMED
ASSIGN_300274,CUST_WAREHOUSE_7,CONS_100059,InventoryControl,2026-02-16,'14:00','22:00',SICK_REPORTED
ASSIGN_300275,CUST_WAREHOUSE_2,CONS_100059,Packer,2026-02-17,'08:00','16:00',CONFIRMED
ASSIGN_300276,CUST_WAREHOUSE_9,CONS_100060,TeamLead,2026-02-18,'14:00','22:00',CONFIRMED
ASSIGN_300277,CUST_WAREHOUSE_7,CONS_100060,InventoryControl,2026-02-17,'08:00','16:00',CONFIRMED
ASSIGN_300278,CUST_WAREHOUSE_4,CONS_100060,TeamLead,2026-02-24,'06:00','14:00',CONFIRMED
ASSIGN_300279,CUST_WAREHOUSE_4,CONS_100060,Packer,2026-02-16,'06:00','14:00',CONFIRMED
ASSIGN_300280,CUST_WAREHOUSE_5,CONS_100061,ForkliftOperator,2026-02-18,'08:00','16:00',SICK_REPORTED
ASSIGN_300281,CUST_WAREHOUSE_5,CONS_100061,ForkliftOperator,2026-02-26,'14:00','22:00',CONFIRMED
ASSIGN_300282,CUST_WAREHOUSE_5,CONS_100061,ForkliftOperator,2026-02-20,'08:00','16:00',LATE_REPORTED
ASSIGN_300283,CUST_WAREHOUSE_10,CONS_100061,InventoryControl,2026-02-26,'06:00','14:00',CONFIRMED
ASSIGN_300284,CUST_WAREHOUSE_6,CONS_100062,Packer,2026-02-27,'08:00','16:00',CONFIRMED
ASSIGN_300285,CUST_WAREHOUSE_6,CONS_100062,InventoryControl,2026-02-17,'08:00','16:00',CONFIRMED
ASSIGN_300286,CUST_WAREHOUSE_6,CONS_100062,InventoryControl,2026-02-26,'14:00','22:00',CONFIRMED
ASSIGN_300287,CUST_WAREHOUSE_2,CONS_100062,Packer,2026-02-24,'06:00','14:00',CONFIRMED
ASSIGN_300288,CUST_WAREHOUSE_3,CONS_100063,ForkliftOperator,2026-02-24,'14:00','22:00',CONFIRMED
ASSIGN_300289,CUST_WAREHOUSE_3,CONS_100063,ForkliftOperator,2026-02-25,'14:00','22:00',NO_SHOW
ASSIGN_300290,CUST_WAREHOUSE_3,CONS_100063,ForkliftOperator,2026-02-23,'08:00','16:00',CONFIRMED
ASSIGN_300291,CUST_WAREHOUSE_3,CONS_100063,ForkliftOperator,2026-02-17,'08:00','16:00',CONFIRMED
ASSIGN_300292,CUST_WAREHOUSE_3,CONS_100063,ForkliftOperator,2026-02-18,'14:00','22:00',CONFIRMED
ASSIGN_300293,CUST_WAREHOUSE_3,CONS_100063,ForkliftOperator,2026-02-17,'06:00','14:00',CONFIRMED
ASSIGN_300294,CUST_WAREHOUSE_10,CONS_100064,Picker,2026-02-23,'06:00','14:00',CONFIRMED
ASSIGN_300295,CUST_WAREHOUSE_5,CONS_100064,Picker,2026-02-17,'14:00','22:00',CONFIRMED
ASSIGN_300296,CUST_WAREHOUSE_10,CONS_100064,Picker,2026-02-27,'14:00','22:00',SICK_REPORTED
ASSIGN_300297,CUST_WAREHOUSE_5,CONS_100064,Picker,2026-02-19,'14:00','22:00',CONFIRMED
ASSIGN_300298,CUST_WAREHOUSE_3,CONS_100064,Picker,2026-02-20,'14:00','22:00',CONFIRMED
ASSIGN_300299,CUST_WAREHOUSE_1,CONS_100065,Packer,2026-02-27,'06:00','14:00',CONFIRMED
ASSIGN_300300,CUST_WAREHOUSE_1,CONS_100065,Packer,2026-02-17,'08:00','16:00',CONFIRMED
ASSIGN_300301,CUST_WAREHOUSE_6,CONS_100065,Packer,2026-02-18,'08:00','16:00',CONFIRMED
ASSIGN_300302,CUST_WAREHOUSE_6,CONS_100065,InventoryControl,2026-02-20,'08:00','16:00',CONFIRMED
ASSIGN_300303,CUST_WAREHOUSE_6,CONS_100065,Packer,2026-02-25,'06:00','14:00',CONFIRMED
ASSIGN_300304,CUST_WAREHOUSE_7,CONS_100066,ForkliftOperator,2026-02-25,'14:00','22:00',CONFIRMED
ASSIGN_300305,CUST_WAREHOUSE_5,CONS_100066,ForkliftOperator,2026-02-24,'14:00','22:00',CONFIRMED
ASSIGN_300306,CUST_WAREHOUSE_9,CONS_100066,ForkliftOperator,2026-02-26,'08:00','16:00',NO_SHOW
ASSIGN_300307,CUST_WAREHOUSE_9,CONS_100066,ForkliftOperator,2026-02-27,'08:00','16:00',CONFIRMED
ASSIGN_300308,CUST_WAREHOUSE_6,CONS_100067,Packer,2026-02-23,'06:00','14:00',NO_SHOW
ASSIGN_300309,CUST_WAREHOUSE_1,CONS_100067,Packer,2026-02-26,'06:00','14:00',CONFIRMED
ASSIGN_300310,CUST_WAREHOUSE_1,CONS_100067,Packer,2026-02-18,'06:00','14:00',CONFIRMED
ASSIGN_300311,CUST_WAREHOUSE_3,CONS_100068,ForkliftOperator,2026-02-20,'06:00','14:00',CONFIRMED
ASSIGN_300312,CUST_WAREHOUSE_3,CONS_100068,ForkliftOperator,2026-02-20,'08:00','16:00',SICK_REPORTED
ASSIGN_300313,CUST_WAREHOUSE_3,CONS_100068,ForkliftOperator,2026-02-27,'08:00','16:00',CONFIRMED
ASSIGN_300314,CUST_WAREHOUSE_5,CONS_100069,ForkliftOperator,2026-02-23,'08:00','16:00',CONFIRMED
ASSIGN_300315,CUST_WAREHOUSE_5,CONS_100069,ForkliftOperator,2026-02-27,'06:00','14:00',CONFIRMED
ASSIGN_300316,CUST_WAREHOUSE_5,CONS_100069,ForkliftOperator,2026-02-17,'14:00','22:00',CONFIRMED
ASSIGN_300317,CUST_WAREHOUSE_5,CONS_100069,ForkliftOperator,2026-02-20,'06:00','14:00',CONFIRMED
ASSIGN_300318,CUST_WAREHOUSE_2,CONS_100070,Picker,2026-02-24,'08:00','16:00',CONFIRMED
ASSIGN_300319,CUST_WAREHOUSE_2,CONS_100070,Picker,2026-02-17,'14:00','22:00',CONFIRMED
ASSIGN_300320,CUST_WAREHOUSE_2,CONS_100070,Picker,2026-02-26,'06:00','14:00',CONFIRMED
ASSIGN_300321,CUST_WAREHOUSE_2,CONS_100070,Picker,2026-02-20,'06:00','14:00',CONFIRMED
ASSIGN_300322,CUST_WAREHOUSE_2,CONS_100071,Packer,2026-02-27,'06:00','14:00',CONFIRMED
ASSIGN_300323,CUST_WAREHOUSE_6,CONS_100071,ForkliftOperator,2026-02-20,'08:00','16:00',CONFIRMED
ASSIGN_300324,CUST_WAREHOUSE_6,CONS_100071,Packer,2026-02-18,'06:00','14:00',CONFIRMED
ASSIGN_300325,CUST_WAREHOUSE_6,CONS_100071,Packer,2026-02-17,'06:00','14:00',SICK_REPORTED
ASSIGN_300326,CUST_WAREHOUSE_6,CONS_100071,ForkliftOperator,2026-02-19,'06:00','14:00',CONFIRMED
ASSIGN_300327,CUST_WAREHOUSE_2,CONS_100071,InventoryControl,2026-02-23,'06:00','14:00',NO_SHOW
ASSIGN_300328,CUST_WAREHOUSE_3,CONS_100072,Packer,2026-02-27,'08:00','16:00',CONFIRMED
ASSIGN_300329,CUST_WAREHOUSE_3,CONS_100072,Packer,2026-02-26,'06:00','14:00',CONFIRMED
ASSIGN_300330,CUST_WAREHOUSE_3,CONS_100072,Packer,2026-02-26,'14:00','22:00',CONFIRMED
ASSIGN_300331,CUST_WAREHOUSE_1,CONS_100072,Packer,2026-02-25,'06:00','14:00',CONFIRMED
ASSIGN_300332,CUST_WAREHOUSE_10,CONS_100073,ForkliftOperator,2026-02-26,'08:00','16:00',CONFIRMED
ASSIGN_300333,CUST_WAREHOUSE_10,CONS_100073,Picker,2026-02-27,'14:00','22:00',CONFIRMED
ASSIGN_300334,CUST_WAREHOUSE_10,CONS_100073,Picker,2026-02-17,'08:00','16:00',CONFIRMED
ASSIGN_300335,CUST_WAREHOUSE_10,CONS_100073,Picker,2026-02-24,'14:00','22:00',CONFIRMED
ASSIGN_300336,CUST_WAREHOUSE_10,CONS_100073,Picker,2026-02-18,'06:00','14:00',CONFIRMED
ASSIGN_300337,CUST_WAREHOUSE_1,CONS_100074,ForkliftOperator,2026-02-24,'06:00','14:00',NO_SHOW
ASSIGN_300338,CUST_WAREHOUSE_1,CONS_100074,ForkliftOperator,2026-02-23,'08:00','16:00',CONFIRMED
ASSIGN_300339,CUST_WAREHOUSE_6,CONS_100074,Packer,2026-02-24,'14:00','22:00',CONFIRMED
ASSIGN_300340,CUST_WAREHOUSE_1,CONS_100074,ForkliftOperator,2026-02-18,'14:00','22:00',CONFIRMED
ASSIGN_300341,CUST_WAREHOUSE_1,CONS_100074,ForkliftOperator,2026-02-16,'06:00','14:00',LATE_REPORTED
ASSIGN_300342,CUST_WAREHOUSE_1,CONS_100074,ForkliftOperator,2026-02-23,'06:00','14:00',CONFIRMED
ASSIGN_300343,CUST_WAREHOUSE_2,CONS_100075,InventoryControl,2026-02-17,'14:00','22:00',CONFIRMED
ASSIGN_300344,CUST_WAREHOUSE_2,CONS_100075,InventoryControl,2026-02-27,'08:00','16:00',CONFIRMED
ASSIGN_300345,CUST_WAREHOUSE_2,CONS_100075,Packer,2026-02-26,'14:00','22:00',CONFIRMED
ASSIGN_300346,CUST_WAREHOUSE_2,CONS_100075,InventoryControl,2026-02-24,'06:00','14:00',NO_SHOW
ASSIGN_300347,CUST_WAREHOUSE_2,CONS_100075,Packer,2026-02-19,'06:00','14:00',CONFIRMED
ASSIGN_300348,CUST_WAREHOUSE_5,CONS_100076,ForkliftOperator,2026-02-17,'14:00','22:00',CONFIRMED
ASSIGN_300349,CUST_WAREHOUSE_5,CONS_100076,ForkliftOperator,2026-02-17,'06:00','14:00',CONFIRMED
ASSIGN_300350,CUST_WAREHOUSE_5,CONS_100076,ForkliftOperator,2026-02-24,'08:00','16:00',CONFIRMED
ASSIGN_300351,CUST_WAREHOUSE_5,CONS_100076,ForkliftOperator,2026-02-24,'06:00','14:00',CONFIRMED
ASSIGN_300352,CUST_WAREHOUSE_9,CONS_100077,InventoryControl,2026-02-24,'14:00','22:00',CONFIRMED
ASSIGN_300353,CUST_WAREHOUSE_8,CONS_100077,Picker,2026-02-18,'08:00','16:00',CONFIRMED
ASSIGN_300354,CUST_WAREHOUSE_9,CONS_100077,ForkliftOperator,2026-02-27,'06:00','14:00',CONFIRMED
ASSIGN_300355,CUST_WAREHOUSE_2,CONS_100078,Packer,2026-02-18,'08:00','16:00',CONFIRMED
ASSIGN_300356,CUST_WAREHOUSE_2,CONS_100078,Packer,2026-02-26,'08:00','16:00',CONFIRMED
ASSIGN_300357,CUST_WAREHOUSE_2,CONS_100078,Packer,2026-02-20,'08:00','16:00',CONFIRMED
ASSIGN_300358,CUST_WAREHOUSE_2,CONS_100078,Packer,2026-02-25,'14:00','22:00',CONFIRMED
ASSIGN_300359,CUST_WAREHOUSE_2,CONS_100078,Packer,2026-02-19,'06:00','14:00',CONFIRMED
ASSIGN_300360,CUST_WAREHOUSE_2,CONS_100078,Packer,2026-02-18,'14:00','22:00',SICK_REPORTED
ASSIGN_300361,CUST_WAREHOUSE_8,CONS_100079,ForkliftOperator,2026-02-16,'08:00','16:00',CONFIRMED
ASSIGN_300362,CUST_WAREHOUSE_4,CONS_100079,ForkliftOperator,2026-02-18,'14:00','22:00',CONFIRMED
ASSIGN_300363,CUST_WAREHOUSE_9,CONS_100079,ForkliftOperator,2026-02-27,'08:00','16:00',CONFIRMED
ASSIGN_300364,CUST_WAREHOUSE_2,CONS_100080,Picker,2026-02-16,'06:00','14:00',CONFIRMED
ASSIGN_300365,CUST_WAREHOUSE_2,CONS_100080,Picker,2026-02-20,'06:00','14:00',CONFIRMED
ASSIGN_300366,CUST_WAREHOUSE_2,CONS_100080,Picker,2026-02-19,'14:00','22:00',CONFIRMED
ASSIGN_300367,CUST_WAREHOUSE_2,CONS_100080,Picker,2026-02-25,'08:00','16:00',CONFIRMED
ASSIGN_300368,CUST_WAREHOUSE_3,CONS_100081,Packer,2026-02-27,'14:00','22:00',CONFIRMED
ASSIGN_300369,CUST_WAREHOUSE_3,CONS_100081,Packer,2026-02-24,'08:00','16:00',CONFIRMED
ASSIGN_300370,CUST_WAREHOUSE_3,CONS_100081,Packer,2026-02-19,'06:00','14:00',CONFIRMED
ASSIGN_300371,CUST_WAREHOUSE_3,CONS_100081,Packer,2026-02-17,'08:00','16:00',CONFIRMED
ASSIGN_300372,CUST_WAREHOUSE_3,CONS_100081,Packer,2026-02-23,'08:00','16:00',SICK_REPORTED
ASSIGN_300373,CUST_WAREHOUSE_1,CONS_100082,ForkliftOperator,2026-02-18,'14:00','22:00',CONFIRMED
ASSIGN_300374,CUST_WAREHOUSE_6,CONS_100082,Picker,2026-02-17,'08:00','16:00',CONFIRMED
ASSIGN_300375,CUST_WAREHOUSE_6,CONS_100082,Picker,2026-02-17,'06:00','14:00',CONFIRMED
ASSIGN_300376,CUST_WAREHOUSE_6,CONS_100082,Picker,2026-02-24,'06:00','14:00',CONFIRMED
ASSIGN_300377,CUST_WAREHOUSE_6,CONS_100082,Picker,2026-02-19,'14:00','22:00',CONFIRMED
ASSIGN_300378,CUST_WAREHOUSE_5,CONS_100083,InventoryControl,2026-02-20,'14:00','22:00',CONFIRMED
ASSIGN_300379,CUST_WAREHOUSE_5,CONS_100083,InventoryControl,2026-02-16,'06:00','14:00',CONFIRMED
ASSIGN_300380,CUST_WAREHOUSE_10,CONS_100083,InventoryControl,2026-02-18,'08:00','16:00',CONFIRMED
ASSIGN_300381,CUST_WAREHOUSE_5,CONS_100083,InventoryControl,2026-02-26,'14:00','22:00',CONFIRMED
ASSIGN_300382,CUST_WAREHOUSE_4,CONS_100084,Packer,2026-02-23,'08:00','16:00',LATE_REPORTED
ASSIGN_300383,CUST_WAREHOUSE_7,CONS_100084,InventoryControl,2026-02-20,'08:00','16:00',LATE_REPORTED
ASSIGN_300384,CUST_WAREHOUSE_8,CONS_100084,Packer,2026-02-26,'08:00','16:00',CONFIRMED
ASSIGN_300385,CUST_WAREHOUSE_5,CONS_100085,Packer,2026-02-27,'06:00','14:00',CONFIRMED
ASSIGN_300386,CUST_WAREHOUSE_5,CONS_100085,InventoryControl,2026-02-24,'14:00','22:00',CONFIRMED
ASSIGN_300387,CUST_WAREHOUSE_5,CONS_100085,Packer,2026-02-20,'14:00','22:00',CONFIRMED
ASSIGN_300388,CUST_WAREHOUSE_10,CONS_100085,InventoryControl,2026-02-27,'08:00','16:00',CONFIRMED
ASSIGN_300389,CUST_WAREHOUSE_5,CONS_100086,ForkliftOperator,2026-02-27,'14:00','22:00',CONFIRMED
ASSIGN_300390,CUST_WAREHOUSE_6,CONS_100086,TeamLead,2026-02-26,'14:00','22:00',CONFIRMED
ASSIGN_300391,CUST_WAREHOUSE_1,CONS_100086,ForkliftOperator,2026-02-17,'14:00','22:00',CONFIRMED
ASSIGN_300392,CUST_WAREHOUSE_10,CONS_100087,InventoryControl,2026-02-19,'06:00','14:00',NO_SHOW
ASSIGN_300393,CUST_WAREHOUSE_5,CONS_100087,TeamLead,2026-02-26,'06:00','14:00',SICK_REPORTED
ASSIGN_300394,CUST_WAREHOUSE_5,CONS_100087,InventoryControl,2026-02-26,'14:00','22:00',CONFIRMED
ASSIGN_300395,CUST_WAREHOUSE_6,CONS_100088,Packer,2026-02-24,'08:00','16:00',CONFIRMED
ASSIGN_300396,CUST_WAREHOUSE_6,CONS_100088,ForkliftOperator,2026-02-16,'06:00','14:00',CONFIRMED
ASSIGN_300397,CUST_WAREHOUSE_1,CONS_100088,ForkliftOperator,2026-02-24,'14:00','22:00',CONFIRMED
ASSIGN_300398,CUST_WAREHOUSE_1,CONS_100088,ForkliftOperator,2026-02-17,'14:00','22:00',CONFIRMED
ASSIGN_300399,CUST_WAREHOUSE_6,CONS_100088,Packer,2026-02-23,'08:00','16:00',CONFIRMED
ASSIGN_300400,CUST_WAREHOUSE_9,CONS_100089,ForkliftOperator,2026-02-19,'14:00','22:00',CONFIRMED
ASSIGN_300401,CUST_WAREHOUSE_1,CONS_100089,ForkliftOperator,2026-02-23,'08:00','16:00',CONFIRMED
ASSIGN_300402,CUST_WAREHOUSE_4,CONS_100089,ForkliftOperator,2026-02-17,'14:00','22:00',CONFIRMED
ASSIGN_300403,CUST_WAREHOUSE_9,CONS_100089,InventoryControl,2026-02-23,'06:00','14:00',CONFIRMED
ASSIGN_300404,CUST_WAREHOUSE_1,CONS_100090,Picker,2026-02-17,'08:00','16:00',CONFIRMED
ASSIGN_300405,CUST_WAREHOUSE_1,CONS_100090,InventoryControl,2026-02-19,'06:00','14:00',CONFIRMED
ASSIGN_300406,CUST_WAREHOUSE_1,CONS_100090,Picker,2026-02-19,'14:00','22:00',SICK_REPORTED
ASSIGN_300407,CUST_WAREHOUSE_1,CONS_100090,Picker,2026-02-20,'08:00','16:00',CONFIRMED
ASSIGN_300408,CUST_WAREHOUSE_3,CONS_100091,ForkliftOperator,2026-02-20,'14:00','22:00',CONFIRMED
ASSIGN_300409,CUST_WAREHOUSE_3,CONS_100091,ForkliftOperator,2026-02-19,'08:00','16:00',CONFIRMED
ASSIGN_300410,CUST_WAREHOUSE_3,CONS_100091,ForkliftOperator,2026-02-27,'06:00','14:00',CONFIRMED
ASSIGN_300411,CUST_WAREHOUSE_1,CONS_100092,InventoryControl,2026-02-20,'06:00','14:00',CONFIRMED
ASSIGN_300412,CUST_WAREHOUSE_6,CONS_100092,InventoryControl,2026-02-25,'08:00','16:00',CONFIRMED
ASSIGN_300413,CUST_WAREHOUSE_6,CONS_100092,Packer,2026-02-17,'14:00','22:00',CONFIRMED
ASSIGN_300414,CUST_WAREHOUSE_2,CONS_100093,ForkliftOperator,2026-02-18,'08:00','16:00',CONFIRMED
ASSIGN_300415,CUST_WAREHOUSE_2,CONS_100093,ForkliftOperator,2026-02-16,'06:00','14:00',CONFIRMED
ASSIGN_300416,CUST_WAREHOUSE_2,CONS_100093,ForkliftOperator,2026-02-25,'14:00','22:00',CONFIRMED
ASSIGN_300417,CUST_WAREHOUSE_2,CONS_100093,ForkliftOperator,2026-02-17,'14:00','22:00',CONFIRMED
ASSIGN_300418,CUST_WAREHOUSE_2,CONS_100093,ForkliftOperator,2026-02-19,'08:00','16:00',CONFIRMED
ASSIGN_300419,CUST_WAREHOUSE_1,CONS_100094,ForkliftOperator,2026-02-23,'08:00','16:00',CONFIRMED
ASSIGN_300420,CUST_WAREHOUSE_6,CONS_100094,Picker,2026-02-19,'08:00','16:00',CONFIRMED
ASSIGN_300421,CUST_WAREHOUSE_1,CONS_100094,ForkliftOperator,2026-02-26,'08:00','16:00',CONFIRMED
ASSIGN_300422,CUST_WAREHOUSE_2,CONS_100094,Picker,2026-02-16,'14:00','22:00',CONFIRMED
ASSIGN_300423,CUST_WAREHOUSE_1,CONS_100095,Picker,2026-02-20,'06:00','14:00',SICK_REPORTED
ASSIGN_300424,CUST_WAREHOUSE_1,CONS_100095,Packer,2026-02-25,'14:00','22:00',CONFIRMED
ASSIGN_300425,CUST_WAREHOUSE_6,CONS_100095,Picker,2026-02-20,'08:00','16:00',CONFIRMED
ASSIGN_300426,CUST_WAREHOUSE_1,CONS_100095,Picker,2026-02-24,'06:00','14:00',CONFIRMED
ASSIGN_300427,CUST_WAREHOUSE_5,CONS_100096,ForkliftOperator,2026-02-26,'08:00','16:00',CONFIRMED
ASSIGN_300428,CUST_WAREHOUSE_10,CONS_100096,ForkliftOperator,2026-02-24,'08:00','16:00',CONFIRMED
ASSIGN_300429,CUST_WAREHOUSE_6,CONS_100096,Packer,2026-02-20,'06:00','14:00',CONFIRMED
ASSIGN_300430,CUST_WAREHOUSE_2,CONS_100097,Picker,2026-02-23,'14:00','22:00',CONFIRMED
ASSIGN_300431,CUST_WAREHOUSE_2,CONS_100097,Picker,2026-02-18,'08:00','16:00',CONFIRMED
ASSIGN_300432,CUST_WAREHOUSE_2,CONS_100097,Picker,2026-02-26,'08:00','16:00',CONFIRMED
ASSIGN_300433,CUST_WAREHOUSE_2,CONS_100097,Picker,2026-02-20,'14:00','22:00',SICK_REPORTED
ASSIGN_300434,CUST_WAREHOUSE_2,CONS_100097,Picker,2026-02-27,'08:00','16:00',CONFIRMED
ASSIGN_300435,CUST_WAREHOUSE_4,CONS_100098,ForkliftOperator,2026-02-16,'06:00','14:00',CONFIRMED
ASSIGN_300436,CUST_WAREHOUSE_9,CONS_100098,Packer,2026-02-24,'06:00','14:00',CONFIRMED
ASSIGN_300437,CUST_WAREHOUSE_8,CONS_100098,ForkliftOperator,2026-02-20,'08:00','16:00',CONFIRMED
ASSIGN_300438,CUST_WAREHOUSE_8,CONS_100098,ForkliftOperator,2026-02-27,'14:00','22:00',CONFIRMED
ASSIGN_300439,CUST_WAREHOUSE_10,CONS_100099,ForkliftOperator,2026-02-16,'08:00','16:00',SICK_REPORTED
ASSIGN_300440,CUST_WAREHOUSE_10,CONS_100099,ForkliftOperator,2026-02-16,'06:00','14:00',CONFIRMED
ASSIGN_300441,CUST_WAREHOUSE_10,CONS_100099,ForkliftOperator,2026-02-27,'14:00','22:00',CONFIRMED
ASSIGN_300442,CUST_WAREHOUSE_10,CONS_100099,ForkliftOperator,2026-02-26,'06:00','14:00',CONFIRMED
ASSIGN_300443,CUST_WAREHOUSE_5,CONS_100099,ForkliftOperator,2026-02-20,'14:00','22:00',CONFIRMED
ASSIGN_300444,CUST_WAREHOUSE_10,CONS_100099,ForkliftOperator,2026-02-27,'08:00','16:00',CONFIRMED
ASSIGN_300445,CUST_WAREHOUSE_5,CONS_100100,InventoryControl,2026-02-27,'14:00','22:00',CONFIRMED
ASSIGN_300446,CUST_WAREHOUSE_5,CONS_100100,InventoryControl,2026-02-17,'14:00','22:00',CONFIRMED
ASSIGN_300447,CUST_WAREHOUSE_5,CONS_100100,InventoryControl,2026-02-16,'08:00','16:00',CONFIRMED
ASSIGN_300448,CUST_WAREHOUSE_10,CONS_100100,InventoryControl,2026-02-23,'14:00','22:00',CONFIRMED
