availability_id,consultant_id,date,start_time,end_time,status
AV_90001,CONS_100001,2026-02-16,'08:00','16:00',AVAILABLE
AV_90002,CONS_100001,2026-02-17,'14:00','22:00',BOOKED
AV_90003,CONS_100001,2026-02-18,'06:00','14:00',AVAILABLE
AV_90004,CONS_100001,2026-02-18,'14:00','22:00',BOOKED
AV_90005,CONS_100001,2026-02-19,'08:00','16:00',AVAILABLE
AV_90006,CONS_100001,2026-02-20,'06:00','14:00',AVAILABLE
AV_90007,CONS_100001,2026-02-20,'08:00','16:00',BOOKED
AV_90008,CONS_100001,2026-02-23,'08:00','16:00',AVAILABLE
AV_90009,CONS_100001,2026-02-24,'14:00','22:00',AVAILABLE
AV_90010,CONS_100001,2026-02-25,'14:00','22:00',BOOKED
AV_90011,CONS_100001,2026-02-25,'08:00','16:00',AVAILABLE
AV_90012,CONS_100001,2026-02-26,'14:00','22:00',BOOKED
AV_90013,CONS_100001,2026-02-27,'08:00','16:00',BOOKED
AV_90014,CONS_100002,2026-02-17,'06:00','14:00',AVAILABLE
AV_90015,CONS_100002,2026-02-17,'08:00','16:00',AVAILABLE
AV_90016,CONS_100002,2026-02-18,'06:00','14:00',AVAILABLE
AV_90017,CONS_100002,2026-02-18,'08:00','16:00',AVAILABLE
AV_90018,CONS_100002,2026-02-19,'14:00','22:00',AVAILABLE
AV_90019,CONS_100002,2026-02-19,'08:00','16:00',AVAILABLE
AV_90020,CONS_100002,2026-02-20,'06:00','14:00',AVAILABLE
AV_90021,CONS_100002,2026-02-20,'08:00','16:00',BOOKED
AV_90022,CONS_100002,2026-02-23,'08:00','16:00',BOOKED
AV_90023,CONS_100002,2026-02-23,'06:00','14:00',AVAILABLE
AV_90024,CONS_100002,2026-02-24,'14:00','22:00',AVAILABLE
AV_90025,CONS_100002,2026-02-24,'06:00','14:00',AVAILABLE
AV_90026,CONS_100002,2026-02-25,'14:00','22:00',BOOKED
AV_90027,CONS_100002,2026-02-26,'08:00','16:00',BOOKED
AV_90028,CONS_100002,2026-02-27,'08:00','16:00',AVAILABLE
AV_90029,CONS_100003,2026-02-17,'06:00','14:00',BOOKED
AV_90030,CONS_100003,2026-02-18,'06:00','14:00',BOOKED
AV_90031,CONS_100003,2026-02-19,'14:00','22:00',AVAILABLE
AV_90032,CONS_100003,2026-02-19,'06:00','14:00',BOOKED
AV_90033,CONS_100003,2026-02-20,'06:00','14:00',AVAILABLE
AV_90034,CONS_100003,2026-02-20,'08:00','16:00',AVAILABLE
AV_90035,CONS_100003,2026-02-23,'14:00','22:00',BOOKED
AV_90036,CONS_100003,2026-02-26,'06:00','14:00',AVAILABLE
AV_90037,CONS_100003,2026-02-27,'14:00','22:00',BOOKED
AV_90038,CONS_100003,2026-02-27,'06:00','14:00',BOOKED
AV_90039,CONS_100004,2026-02-17,'08:00','16:00',AVAILABLE
AV_90040,CONS_100004,2026-02-17,'06:00','14:00',AVAILABLE
AV_90041,CONS_100004,2026-02-18,'08:00','16:00',AVAILABLE
AV_90042,CONS_100004,2026-02-20,'14:00','22:00',AVAILABLE
AV_90043,CONS_100004,2026-02-20,'08:00','16:00',AVAILABLE
AV_90044,CONS_100004,2026-02-23,'08:00','16:00',BOOKED
AV_90045,CONS_100004,2026-02-24,'06:00','14:00',BOOKED
AV_90046,CONS_100004,2026-02-27,'06:00','14:00',BOOKED
AV_90047,CONS_100005,2026-02-16,'14:00','22:00',BOOKED
AV_90048,CONS_100005,2026-02-18,'06:00','14:00',AVAILABLE
AV_90049,CONS_100005,2026-02-18,'08:00','16:00',AVAILABLE
AV_90050,CONS_100005,2026-02-19,'08:00','16:00',AVAILABLE
AV_90051,CONS_100005,2026-02-20,'06:00','14:00',BOOKED
AV_90052,CONS_100005,2026-02-20,'08:00','16:00',AVAILABLE
AV_90053,CONS_100005,2026-02-23,'08:00','16:00',BOOKED
AV_90054,CONS_100005,2026-02-26,'14:00','22:00',BOOKED
AV_90055,CONS_100005,2026-02-27,'06:00','14:00',BOOKED
AV_90056,CONS_100006,2026-02-16,'08:00','16:00',AVAILABLE
AV_90057,CONS_100006,2026-02-19,'06:00','14:00',AVAILABLE
AV_90058,CONS_100006,2026-02-20,'14:00','22:00',AVAILABLE
AV_90059,CONS_100006,2026-02-25,'06:00','14:00',BOOKED
AV_90060,CONS_100006,2026-02-25,'14:00','22:00',AVAILABLE
AV_90061,CONS_100006,2026-02-26,'06:00','14:00',AVAILABLE
AV_90062,CONS_100006,2026-02-27,'14:00','22:00',BOOKED
AV_90063,CONS_100006,2026-02-27,'08:00','16:00',BOOKED
AV_90064,CONS_100007,2026-02-16,'06:00','14:00',BOOKED
AV_90065,CONS_100007,2026-02-17,'06:00','14:00',BOOKED
AV_90066,CONS_100007,2026-02-18,'08:00','16:00',AVAILABLE
AV_90067,CONS_100007,2026-02-18,'06:00','14:00',BOOKED
AV_90068,CONS_100007,2026-02-19,'14:00','22:00',AVAILABLE
AV_90069,CONS_100007,2026-02-20,'14:00','22:00',BOOKED
AV_90070,CONS_100007,2026-02-20,'06:00','14:00',AVAILABLE
AV_90071,CONS_100007,2026-02-23,'08:00','16:00',AVAILABLE
AV_90072,CONS_100007,2026-02-24,'06:00','14:00',AVAILABLE
AV_90073,CONS_100007,2026-02-25,'14:00','22:00',AVAILABLE
AV_90074,CONS_100007,2026-02-26,'08:00','16:00',AVAILABLE
AV_90075,CONS_100007,2026-02-26,'06:00','14:00',BOOKED
AV_90076,CONS_100008,2026-02-16,'14:00','22:00',BOOKED
AV_90077,CONS_100008,2026-02-16,'06:00','14:00',BOOKED
AV_90078,CONS_100008,2026-02-17,'06:00','14:00',AVAILABLE
AV_90079,CONS_100008,2026-02-18,'08:00','16:00',BOOKED
AV_90080,CONS_100008,2026-02-20,'08:00','16:00',BOOKED
AV_90081,CONS_100008,2026-02-23,'14:00','22:00',AVAILABLE
AV_90082,CONS_100008,2026-02-23,'06:00','14:00',AVAILABLE
AV_90083,CONS_100008,2026-02-26,'08:00','16:00',AVAILABLE
AV_90084,CONS_100008,2026-02-27,'06:00','14:00',AVAILABLE
AV_90085,CONS_100008,2026-02-27,'08:00','16:00',BOOKED
AV_90086,CONS_100009,2026-02-17,'06:00','14:00',BOOKED
AV_90087,CONS_100009,2026-02-18,'06:00','14:00',BOOKED
AV_90088,CONS_100009,2026-02-19,'06:00','14:00',AVAILABLE
AV_90089,CONS_100009,2026-02-23,'14:00','22:00',AVAILABLE
AV_90090,CONS_100009,2026-02-24,'08:00','16:00',AVAILABLE
AV_90091,CONS_100009,2026-02-24,'14:00','22:00',AVAILABLE
AV_90092,CONS_100009,2026-02-25,'06:00','14:00',BOOKED
AV_90093,CONS_100009,2026-02-25,'08:00','16:00',AVAILABLE
AV_90094,CONS_100009,2026-02-26,'14:00','22:00',AVAILABLE
AV_90095,CONS_100009,2026-02-27,'08:00','16:00',AVAILABLE
AV_90096,CONS_100010,2026-02-16,'14:00','22:00',BOOKED
AV_90097,CONS_100010,2026-02-17,'08:00','16:00',BOOKED
AV_90098,CONS_100010,2026-02-19,'08:00','16:00',BOOKED
AV_90099,CONS_100010,2026-02-23,'14:00','22:00',BOOKED
AV_90100,CONS_100010,2026-02-24,'14:00','22:00',BOOKED
AV_90101,CONS_100010,2026-02-26,'08:00','16:00',BOOKED
AV_90102,CONS_100010,2026-02-27,'14:00','22:00',AVAILABLE
AV_90103,CONS_100011,2026-02-16,'14:00','22:00',AVAILABLE
AV_90104,CONS_100011,2026-02-17,'14:00','22:00',BOOKED
AV_90105,CONS_100011,2026-02-18,'06:00','14:00',BOOKED
AV_90106,CONS_100011,2026-02-23,'08:00','16:00',BOOKED
AV_90107,CONS_100011,2026-02-24,'06:00','14:00',BOOKED
AV_90108,CONS_100011,2026-02-25,'08:00','16:00',AVAILABLE
AV_90109,CONS_100011,2026-02-26,'14:00','22:00',BOOKED
AV_90110,CONS_100011,2026-02-26,'06:00','14:00',BOOKED
AV_90111,CONS_100012,2026-02-16,'14:00','22:00',BOOKED
AV_90112,CONS_100012,2026-02-16,'08:00','16:00',AVAILABLE
AV_90113,CONS_100012,2026-02-17,'06:00','14:00',BOOKED
AV_90114,CONS_100012,2026-02-19,'14:00','22:00',BOOKED
AV_90115,CONS_100012,2026-02-20,'14:00','22:00',AVAILABLE
AV_90116,CONS_100012,2026-02-23,'08:00','16:00',SICK
AV_90117,CONS_100012,2026-02-24,'14:00','22:00',AVAILABLE
AV_90118,CONS_100012,2026-02-25,'08:00','16:00',SICK
AV_90119,CONS_100012,2026-02-26,'06:00','14:00',BOOKED
AV_90120,CONS_100013,2026-02-16,'08:00','16:00',BOOKED
AV_90121,CONS_100013,2026-02-17,'06:00','14:00',BOOKED
AV_90122,CONS_100013,2026-02-17,'08:00','16:00',BOOKED
AV_90123,CONS_100013,2026-02-19,'14:00','22:00',AVAILABLE
AV_90124,CONS_100013,2026-02-20,'06:00','14:00',AVAILABLE
AV_90125,CONS_100013,2026-02-23,'08:00','16:00',BOOKED
AV_90126,CONS_100013,2026-02-24,'08:00','16:00',BOOKED
AV_90127,CONS_100013,2026-02-24,'06:00','14:00',AVAILABLE
AV_90128,CONS_100014,2026-02-16,'06:00','14:00',BOOKED
AV_90129,CONS_100014,2026-02-16,'08:00','16:00',BOOKED
AV_90130,CONS_100014,2026-02-19,'14:00','22:00',BOOKED
AV_90131,CONS_100014,2026-02-19,'06:00','14:00',BOOKED
AV_90132,CONS_100014,2026-02-23,'06:00','14:00',AVAILABLE
AV_90133,CONS_100014,2026-02-25,'06:00','14:00',AVAILABLE
AV_90134,CONS_100014,2026-02-26,'08:00','16:00',BOOKED
AV_90135,CONS_100014,2026-02-26,'14:00','22:00',BOOKED
AV_90136,CONS_100015,2026-02-16,'06:00','14:00',BOOKED
AV_90137,CONS_100015,2026-02-16,'14:00','22:00',AVAILABLE
AV_90138,CONS_100015,2026-02-17,'14:00','22:00',AVAILABLE
AV_90139,CONS_100015,2026-02-17,'08:00','16:00',AVAILABLE
AV_90140,CONS_100015,2026-02-18,'14:00','22:00',AVAILABLE
AV_90141,CONS_100015,2026-02-19,'14:00','22:00',BOOKED
AV_90142,CONS_100015,2026-02-20,'14:00','22:00',AVAILABLE
AV_90143,CONS_100015,2026-02-23,'14:00','22:00',AVAILABLE
AV_90144,CONS_100015,2026-02-24,'06:00','14:00',BOOKED
AV_90145,CONS_100015,2026-02-25,'06:00','14:00',AVAILABLE
AV_90146,CONS_100015,2026-02-26,'06:00','14:00',BOOKED
AV_90147,CONS_100015,2026-02-27,'06:00','14:00',AVAILABLE
AV_90148,CONS_100015,2026-02-27,'08:00','16:00',BOOKED
AV_90149,CONS_100016,2026-02-17,'06:00','14:00',AVAILABLE
AV_90150,CONS_100016,2026-02-18,'14:00','22:00',BOOKED
AV_90151,CONS_100016,2026-02-18,'08:00','16:00',BOOKED
AV_90152,CONS_100016,2026-02-19,'14:00','22:00',AVAILABLE
AV_90153,CONS_100016,2026-02-20,'14:00','22:00',BOOKED
AV_90154,CONS_100016,2026-02-20,'06:00','14:00',AVAILABLE
AV_90155,CONS_100016,2026-02-23,'06:00','14:00',AVAILABLE
AV_90156,CONS_100016,2026-02-23,'14:00','22:00',BOOKED
AV_90157,CONS_100016,2026-02-24,'14:00','22:00',AVAILABLE
AV_90158,CONS_100016,2026-02-24,'08:00','16:00',AVAILABLE
AV_90159,CONS_100016,2026-02-26,'06:00','14:00',AVAILABLE
AV_90160,CONS_100016,2026-02-27,'14:00','22:00',AVAILABLE
AV_90161,CONS_100016,2026-02-27,'08:00','16:00',AVAILABLE
AV_90162,CONS_100017,2026-02-16,'08:00','16:00',AVAILABLE
AV_90163,CONS_100017,2026-02-16,'06:00','14:00',AVAILABLE
AV_90164,CONS_100017,2026-02-17,'14:00','22:00',AVAILABLE
AV_90165,CONS_100017,2026-02-17,'08:00','16:00',AVAILABLE
AV_90166,CONS_100017,2026-02-18,'08:00','16:00',BOOKED
AV_90167,CONS_100017,2026-02-19,'08:00','16:00',AVAILABLE
AV_90168,CONS_100017,2026-02-19,'14:00','22:00',BOOKED
AV_90169,CONS_100017,2026-02-20,'06:00','14:00',AVAILABLE
AV_90170,CONS_100017,2026-02-20,'14:00','22:00',SICK
AV_90171,CONS_100017,2026-02-23,'08:00','16:00',AVAILABLE
AV_90172,CONS_100017,2026-02-24,'06:00','14:00',AVAILABLE
AV_90173,CONS_100017,2026-02-24,'08:00','16:00',AVAILABLE
AV_90174,CONS_100017,2026-02-26,'08:00','16:00',AVAILABLE
AV_90175,CONS_100017,2026-02-27,'14:00','22:00',AVAILABLE
AV_90176,CONS_100018,2026-02-16,'06:00','14:00',BOOKED
AV_90177,CONS_100018,2026-02-17,'08:00','16:00',BOOKED
AV_90178,CONS_100018,2026-02-18,'06:00','14:00',AVAILABLE
AV_90179,CONS_100018,2026-02-19,'14:00','22:00',BOOKED
AV_90180,CONS_100018,2026-02-20,'08:00','16:00',AVAILABLE
AV_90181,CONS_100018,2026-02-25,'08:00','16:00',BOOKED
AV_90182,CONS_100018,2026-02-27,'08:00','16:00',AVAILABLE
AV_90183,CONS_100019,2026-02-16,'14:00','22:00',AVAILABLE
AV_90184,CONS_100019,2026-02-17,'06:00','14:00',BOOKED
AV_90185,CONS_100019,2026-02-18,'06:00','14:00',AVAILABLE
AV_90186,CONS_100019,2026-02-19,'14:00','22:00',AVAILABLE
AV_90187,CONS_100019,2026-02-19,'08:00','16:00',BOOKED
AV_90188,CONS_100019,2026-02-20,'06:00','14:00',BOOKED
AV_90189,CONS_100019,2026-02-23,'14:00','22:00',AVAILABLE
AV_90190,CONS_100019,2026-02-24,'08:00','16:00',AVAILABLE
AV_90191,CONS_100019,2026-02-25,'14:00','22:00',BOOKED
AV_90192,CONS_100019,2026-02-26,'14:00','22:00',BOOKED
AV_90193,CONS_100019,2026-02-27,'14:00','22:00',BOOKED
AV_90194,CONS_100020,2026-02-16,'08:00','16:00',AVAILABLE
AV_90195,CONS_100020,2026-02-16,'06:00','14:00',AVAILABLE
AV_90196,CONS_100020,2026-02-17,'08:00','16:00',AVAILABLE
AV_90197,CONS_100020,2026-02-18,'14:00','22:00',BOOKED
AV_90198,CONS_100020,2026-02-23,'08:00','16:00',BOOKED
AV_90199,CONS_100020,2026-02-23,'06:00','14:00',AVAILABLE
AV_90200,CONS_100020,2026-02-24,'14:00','22:00',AVAILABLE
AV_90201,CONS_100020,2026-02-25,'14:00','22:00',AVAILABLE
AV_90202,CONS_100020,2026-02-26,'14:00','22:00',BOOKED
AV_90203,CONS_100020,2026-02-26,'06:00','14:00',BOOKED
AV_90204,CONS_100020,2026-02-27,'08:00','16:00',AVAILABLE
AV_90205,CONS_100020,2026-02-27,'06:00','14:00',AVAILABLE
AV_90206,CONS_100021,2026-02-16,'14:00','22:00',AVAILABLE
AV_90207,CONS_100021,2026-02-16,'08:00','16:00',BOOKED
AV_90208,CONS_100021,2026-02-17,'14:00','22:00',AVAILABLE
AV_90209,CONS_100021,2026-02-17,'08:00','16:00',AVAILABLE
AV_90210,CONS_100021,2026-02-18,'08:00','16:00',BOOKED
AV_90211,CONS_100021,2026-02-20,'06:00','14:00',AVAILABLE
AV_90212,CONS_100021,2026-02-20,'08:00','16:00',BOOKED
AV_90213,CONS_100021,2026-02-23,'14:00','22:00',AVAILABLE
AV_90214,CONS_100021,2026-02-23,'06:00','14:00',AVAILABLE
AV_90215,CONS_100021,2026-02-24,'14:00','22:00',AVAILABLE
AV_90216,CONS_100021,2026-02-27,'06:00','14:00',AVAILABLE
AV_90217,CONS_100021,2026-02-27,'08:00','16:00',BOOKED
AV_90218,CONS_100022,2026-02-16,'14:00','22:00',AVAILABLE
AV_90219,CONS_100022,2026-02-16,'08:00','16:00',BOOKED
AV_90220,CONS_100022,2026-02-17,'06:00','14:00',BOOKED
AV_90221,CONS_100022,2026-02-17,'14:00','22:00',AVAILABLE
AV_90222,CONS_100022,2026-02-18,'06:00','14:00',AVAILABLE
AV_90223,CONS_100022,2026-02-18,'14:00','22:00',AVAILABLE
AV_90224,CONS_100022,2026-02-19,'08:00','16:00',AVAILABLE
AV_90225,CONS_100022,2026-02-20,'06:00','14:00',AVAILABLE
AV_90226,CONS_100022,2026-02-20,'08:00','16:00',BOOKED
AV_90227,CONS_100022,2026-02-23,'08:00','16:00',AVAILABLE
AV_90228,CONS_100022,2026-02-23,'06:00','14:00',AVAILABLE
AV_90229,CONS_100022,2026-02-24,'06:00','14:00',AVAILABLE
AV_90230,CONS_100022,2026-02-24,'08:00','16:00',BOOKED
AV_90231,CONS_100022,2026-02-26,'08:00','16:00',AVAILABLE
AV_90232,CONS_100023,2026-02-16,'08:00','16:00',AVAILABLE
AV_90233,CONS_100023,2026-02-16,'14:00','22:00',BOOKED
AV_90234,CONS_100023,2026-02-17,'14:00','22:00',AVAILABLE
AV_90235,CONS_100023,2026-02-17,'08:00','16:00',BOOKED
AV_90236,CONS_100023,2026-02-18,'06:00','14:00',BOOKED
AV_90237,CONS_100023,2026-02-19,'06:00','14:00',BOOKED
AV_90238,CONS_100023,2026-02-25,'14:00','22:00',AVAILABLE
AV_90239,CONS_100023,2026-02-25,'08:00','16:00',BOOKED
AV_90240,CONS_100023,2026-02-26,'14:00','22:00',AVAILABLE
AV_90241,CONS_100024,2026-02-17,'14:00','22:00',SICK
AV_90242,CONS_100024,2026-02-18,'08:00','16:00',BOOKED
AV_90243,CONS_100024,2026-02-24,'14:00','22:00',AVAILABLE
AV_90244,CONS_100024,2026-02-25,'14:00','22:00',AVAILABLE
AV_90245,CONS_100024,2026-02-26,'06:00','14:00',BOOKED
AV_90246,CONS_100024,2026-02-27,'08:00','16:00',AVAILABLE
AV_90247,CONS_100024,2026-02-27,'14:00','22:00',BOOKED
AV_90248,CONS_100025,2026-02-16,'14:00','22:00',BOOKED
AV_90249,CONS_100025,2026-02-16,'06:00','14:00',BOOKED
AV_90250,CONS_100025,2026-02-17,'14:00','22:00',AVAILABLE
AV_90251,CONS_100025,2026-02-17,'06:00','14:00',AVAILABLE
AV_90252,CONS_100025,2026-02-18,'06:00','14:00',AVAILABLE
AV_90253,CONS_100025,2026-02-19,'08:00','16:00',SICK
AV_90254,CONS_100025,2026-02-19,'06:00','14:00',BOOKED
AV_90255,CONS_100025,2026-02-20,'06:00','14:00',AVAILABLE
AV_90256,CONS_100025,2026-02-25,'08:00','16:00',AVAILABLE
AV_90257,CONS_100025,2026-02-25,'14:00','22:00',AVAILABLE
AV_90258,CONS_100025,2026-02-26,'08:00','16:00',AVAILABLE
AV_90259,CONS_100025,2026-02-27,'06:00','14:00',BOOKED
AV_90260,CONS_100026,2026-02-16,'14:00','22:00',BOOKED
AV_90261,CONS_100026,2026-02-19,'08:00','16:00',BOOKED
AV_90262,CONS_100026,2026-02-23,'08:00','16:00',BOOKED
AV_90263,CONS_100026,2026-02-25,'08:00','16:00',AVAILABLE
AV_90264,CONS_100026,2026-02-25,'06:00','14:00',BOOKED
AV_90265,CONS_100026,2026-02-26,'14:00','22:00',BOOKED
AV_90266,CONS_100026,2026-02-26,'06:00','14:00',BOOKED
AV_90267,CONS_100027,2026-02-16,'14:00','22:00',BOOKED
AV_90268,CONS_100027,2026-02-17,'06:00','14:00',AVAILABLE
AV_90269,CONS_100027,2026-02-19,'06:00','14:00',BOOKED
AV_90270,CONS_100027,2026-02-20,'08:00','16:00',AVAILABLE
AV_90271,CONS_100027,2026-02-20,'14:00','22:00',SICK
AV_90272,CONS_100027,2026-02-23,'14:00','22:00',BOOKED
AV_90273,CONS_100027,2026-02-24,'14:00','22:00',AVAILABLE
AV_90274,CONS_100027,2026-02-25,'06:00','14:00',AVAILABLE
AV_90275,CONS_100027,2026-02-26,'08:00','16:00',AVAILABLE
AV_90276,CONS_100027,2026-02-26,'14:00','22:00',AVAILABLE
AV_90277,CONS_100027,2026-02-27,'08:00','16:00',AVAILABLE
AV_90278,CONS_100028,2026-02-16,'06:00','14:00',AVAILABLE
AV_90279,CONS_100028,2026-02-17,'06:00','14:00',AVAILABLE
AV_90280,CONS_100028,2026-02-18,'08:00','16:00',AVAILABLE
AV_90281,CONS_100028,2026-02-23,'14:00','22:00',BOOKED
AV_90282,CONS_100028,2026-02-23,'06:00','14:00',AVAILABLE
AV_90283,CONS_100028,2026-02-24,'14:00','22:00',BOOKED
AV_90284,CONS_100028,2026-02-25,'06:00','14:00',SICK
AV_90285,CONS_100028,2026-02-25,'08:00','16:00',AVAILABLE
AV_90286,CONS_100028,2026-02-26,'14:00','22:00',AVAILABLE
AV_90287,CONS_100028,2026-02-27,'08:00','16:00',AVAILABLE
AV_90288,CONS_100028,2026-02-27,'06:00','14:00',BOOKED
AV_90289,CONS_100029,2026-02-16,'08:00','16:00',BOOKED
AV_90290,CONS_100029,2026-02-17,'06:00','14:00',AVAILABLE
AV_90291,CONS_100029,2026-02-18,'14:00','22:00',BOOKED
AV_90292,CONS_100029,2026-02-20,'14:00','22:00',BOOKED
AV_90293,CONS_100029,2026-02-20,'08:00','16:00',BOOKED
AV_90294,CONS_100029,2026-02-27,'06:00','14:00',BOOKED
AV_90295,CONS_100029,2026-02-27,'08:00','16:00',BOOKED
AV_90296,CONS_100030,2026-02-16,'06:00','14:00',AVAILABLE
AV_90297,CONS_100030,2026-02-18,'14:00','22:00',BOOKED
AV_90298,CONS_100030,2026-02-18,'06:00','14:00',AVAILABLE
AV_90299,CONS_100030,2026-02-19,'06:00','14:00',BOOKED
AV_90300,CONS_100030,2026-02-20,'08:00','16:00',AVAILABLE
AV_90301,CONS_100030,2026-02-20,'06:00','14:00',BOOKED
AV_90302,CONS_100030,2026-02-23,'14:00','22:00',AVAILABLE
AV_90303,CONS_100030,2026-02-23,'08:00','16:00',BOOKED
AV_90304,CONS_100030,2026-02-24,'08:00','16:00',AVAILABLE
AV_90305,CONS_100030,2026-02-24,'06:00','14:00',AVAILABLE
AV_90306,CONS_100030,2026-02-25,'08:00','16:00',BOOKED
AV_90307,CONS_100030,2026-02-25,'14:00','22:00',BOOKED
AV_90308,CONS_100030,2026-02-26,'08:00','16:00',AVAILABLE
AV_90309,CONS_100030,2026-02-26,'14:00','22:00',AVAILABLE
AV_90310,CONS_100031,2026-02-16,'14:00','22:00',AVAILABLE
AV_90311,CONS_100031,2026-02-17,'06:00','14:00',BOOKED
AV_90312,CONS_100031,2026-02-18,'06:00','14:00',BOOKED
AV_90313,CONS_100031,2026-02-18,'14:00','22:00',BOOKED
AV_90314,CONS_100031,2026-02-20,'06:00','14:00',AVAILABLE
AV_90315,CONS_100031,2026-02-23,'06:00','14:00',AVAILABLE
AV_90316,CONS_100031,2026-02-26,'08:00','16:00',BOOKED
AV_90317,CONS_100032,2026-02-16,'08:00','16:00',AVAILABLE
AV_90318,CONS_100032,2026-02-17,'14:00','22:00',BOOKED
AV_90319,CONS_100032,2026-02-17,'06:00','14:00',AVAILABLE
AV_90320,CONS_100032,2026-02-18,'06:00','14:00',AVAILABLE
AV_90321,CONS_100032,2026-02-19,'08:00','16:00',BOOKED
AV_90322,CONS_100032,2026-02-19,'06:00','14:00',BOOKED
AV_90323,CONS_100032,2026-02-23,'06:00','14:00',AVAILABLE
AV_90324,CONS_100032,2026-02-25,'14:00','22:00',BOOKED
AV_90325,CONS_100032,2026-02-25,'08:00','16:00',BOOKED
AV_90326,CONS_100032,2026-02-26,'06:00','14:00',AVAILABLE
AV_90327,CONS_100032,2026-02-27,'08:00','16:00',AVAILABLE
AV_90328,CONS_100033,2026-02-16,'06:00','14:00',BOOKED
AV_90329,CONS_100033,2026-02-16,'14:00','22:00',AVAILABLE
AV_90330,CONS_100033,2026-02-18,'06:00','14:00',AVAILABLE
AV_90331,CONS_100033,2026-02-19,'14:00','22:00',AVAILABLE
AV_90332,CONS_100033,2026-02-20,'14:00','22:00',AVAILABLE
AV_90333,CONS_100033,2026-02-20,'06:00','14:00',AVAILABLE
AV_90334,CONS_100033,2026-02-23,'08:00','16:00',AVAILABLE
AV_90335,CONS_100033,2026-02-24,'06:00','14:00',AVAILABLE
AV_90336,CONS_100033,2026-02-24,'14:00','22:00',BOOKED
AV_90337,CONS_100033,2026-02-25,'06:00','14:00',BOOKED
AV_90338,CONS_100034,2026-02-16,'14:00','22:00',AVAILABLE
AV_90339,CONS_100034,2026-02-16,'08:00','16:00',AVAILABLE
AV_90340,CONS_100034,2026-02-17,'14:00','22:00',AVAILABLE
AV_90341,CONS_100034,2026-02-18,'08:00','16:00',BOOKED
AV_90342,CONS_100034,2026-02-19,'14:00','22:00',BOOKED
AV_90343,CONS_100034,2026-02-19,'06:00','14:00',AVAILABLE
AV_90344,CONS_100034,2026-02-20,'14:00','22:00',BOOKED
AV_90345,CONS_100034,2026-02-23,'14:00','22:00',AVAILABLE
AV_90346,CONS_100034,2026-02-24,'08:00','16:00',AVAILABLE
AV_90347,CONS_100034,2026-02-24,'14:00','22:00',BOOKED
AV_90348,CONS_100034,2026-02-25,'08:00','16:00',AVAILABLE
AV_90349,CONS_100034,2026-02-26,'08:00','16:00',AVAILABLE
AV_90350,CONS_100034,2026-02-26,'06:00','14:00',AVAILABLE
AV_90351,CONS_100035,2026-02-16,'06:00','14:00',AVAILABLE
AV_90352,CONS_100035,2026-02-16,'08:00','16:00',AVAILABLE
AV_90353,CONS_100035,2026-02-18,'14:00','22:00',AVAILABLE
AV_90354,CONS_100035,2026-02-19,'06:00','14:00',AVAILABLE
AV_90355,CONS_100035,2026-02-20,'14:00','22:00',AVAILABLE
AV_90356,CONS_100035,2026-02-23,'08:00','16:00',BOOKED
AV_90357,CONS_100035,2026-02-24,'06:00','14:00',BOOKED
AV_90358,CONS_100035,2026-02-24,'14:00','22:00',AVAILABLE
AV_90359,CONS_100035,2026-02-25,'14:00','22:00',BOOKED
AV_90360,CONS_100035,2026-02-25,'06:00','14:00',AVAILABLE
AV_90361,CONS_100035,2026-02-27,'14:00','22:00',AVAILABLE
AV_90362,CONS_100035,2026-02-27,'06:00','14:00',AVAILABLE
AV_90363,CONS_100036,2026-02-16,'08:00','16:00',AVAILABLE
AV_90364,CONS_100036,2026-02-18,'14:00','22:00',AVAILABLE
AV_90365,CONS_100036,2026-02-19,'06:00','14:00',BOOKED
AV_90366,CONS_100036,2026-02-20,'06:00','14:00',AVAILABLE
AV_90367,CONS_100036,2026-02-20,'08:00','16:00',AVAILABLE
AV_90368,CONS_100036,2026-02-24,'08:00','16:00',BOOKED
AV_90369,CONS_100036,2026-02-25,'08:00','16:00',AVAILABLE
AV_90370,CONS_100036,2026-02-25,'14:00','22:00',BOOKED
AV_90371,CONS_100036,2026-02-26,'08:00','16:00',BOOKED
AV_90372,CONS_100036,2026-02-26,'14:00','22:00',BOOKED
AV_90373,CONS_100036,2026-02-27,'08:00','16:00',AVAILABLE
AV_90374,CONS_100036,2026-02-27,'14:00','22:00',BOOKED
AV_90375,CONS_100037,2026-02-17,'06:00','14:00',BOOKED
AV_90376,CONS_100037,2026-02-18,'14:00','22:00',BOOKED
AV_90377,CONS_100037,2026-02-19,'14:00','22:00',AVAILABLE
AV_90378,CONS_100037,2026-02-23,'08:00','16:00',BOOKED
AV_90379,CONS_100037,2026-02-24,'06:00','14:00',AVAILABLE
AV_90380,CONS_100037,2026-02-25,'08:00','16:00',BOOKED
AV_90381,CONS_100037,2026-02-26,'08:00','16:00',AVAILABLE
AV_90382,CONS_100037,2026-02-26,'14:00','22:00',AVAILABLE
AV_90383,CONS_100038,2026-02-16,'14:00','22:00',BOOKED
AV_90384,CONS_100038,2026-02-16,'08:00','16:00',AVAILABLE
AV_90385,CONS_100038,2026-02-17,'08:00','16:00',AVAILABLE
AV_90386,CONS_100038,2026-02-17,'06:00','14:00',AVAILABLE
AV_90387,CONS_100038,2026-02-18,'08:00','16:00',AVAILABLE
AV_90388,CONS_100038,2026-02-18,'06:00','14:00',BOOKED
AV_90389,CONS_100038,2026-02-20,'06:00','14:00',AVAILABLE
AV_90390,CONS_100038,2026-02-20,'14:00','22:00',AVAILABLE
AV_90391,CONS_100038,2026-02-24,'06:00','14:00',AVAILABLE
AV_90392,CONS_100038,2026-02-24,'14:00','22:00',AVAILABLE
AV_90393,CONS_100038,2026-02-25,'06:00','14:00',BOOKED
AV_90394,CONS_100038,2026-02-25,'14:00','22:00',AVAILABLE
AV_90395,CONS_100038,2026-02-26,'06:00','14:00',AVAILABLE
AV_90396,CONS_100038,2026-02-27,'06:00','14:00',AVAILABLE
AV_90397,CONS_100039,2026-02-16,'14:00','22:00',AVAILABLE
AV_90398,CONS_100039,2026-02-16,'08:00','16:00',BOOKED
AV_90399,CONS_100039,2026-02-17,'06:00','14:00',AVAILABLE
AV_90400,CONS_100039,2026-02-18,'06:00','14:00',BOOKED
AV_90401,CONS_100039,2026-02-19,'08:00','16:00',BOOKED
AV_90402,CONS_100039,2026-02-19,'14:00','22:00',BOOKED
AV_90403,CONS_100039,2026-02-20,'14:00','22:00',AVAILABLE
AV_90404,CONS_100039,2026-02-20,'08:00','16:00',AVAILABLE
AV_90405,CONS_100039,2026-02-25,'14:00','22:00',AVAILABLE
AV_90406,CONS_100039,2026-02-26,'14:00','22:00',BOOKED
AV_90407,CONS_100039,2026-02-27,'08:00','16:00',AVAILABLE
AV_90408,CONS_100040,2026-02-17,'08:00','16:00',SICK
AV_90409,CONS_100040,2026-02-18,'06:00','14:00',BOOKED
AV_90410,CONS_100040,2026-02-18,'08:00','16:00',BOOKED
AV_90411,CONS_100040,2026-02-19,'14:00','22:00',AVAILABLE
AV_90412,CONS_100040,2026-02-23,'06:00','14:00',AVAILABLE
AV_90413,CONS_100040,2026-02-24,'14:00','22:00',AVAILABLE
AV_90414,CONS_100040,2026-02-25,'06:00','14:00',SICK
AV_90415,CONS_100040,2026-02-25,'14:00','22:00',BOOKED
AV_90416,CONS_100040,2026-02-26,'14:00','22:00',BOOKED
AV_90417,CONS_100041,2026-02-16,'14:00','22:00',BOOKED
AV_90418,CONS_100041,2026-02-18,'14:00','22:00',BOOKED
AV_90419,CONS_100041,2026-02-18,'08:00','16:00',AVAILABLE
AV_90420,CONS_100041,2026-02-19,'14:00','22:00',BOOKED
AV_90421,CONS_100041,2026-02-24,'06:00','14:00',BOOKED
AV_90422,CONS_100041,2026-02-26,'14:00','22:00',AVAILABLE
AV_90423,CONS_100041,2026-02-27,'08:00','16:00',AVAILABLE
AV_90424,CONS_100041,2026-02-27,'06:00','14:00',BOOKED
AV_90425,CONS_100042,2026-02-16,'06:00','14:00',BOOKED
AV_90426,CONS_100042,2026-02-16,'08:00','16:00',AVAILABLE
AV_90427,CONS_100042,2026-02-17,'08:00','16:00',BOOKED
AV_90428,CONS_100042,2026-02-17,'14:00','22:00',AVAILABLE
AV_90429,CONS_100042,2026-02-19,'14:00','22:00',BOOKED
AV_90430,CONS_100042,2026-02-19,'06:00','14:00',AVAILABLE
AV_90431,CONS_100042,2026-02-20,'06:00','14:00',AVAILABLE
AV_90432,CONS_100042,2026-02-23,'06:00','14:00',AVAILABLE
AV_90433,CONS_100042,2026-02-24,'14:00','22:00',AVAILABLE
AV_90434,CONS_100042,2026-02-24,'08:00','16:00',SICK
AV_90435,CONS_100042,2026-02-26,'08:00','16:00',BOOKED
AV_90436,CONS_100042,2026-02-26,'14:00','22:00',AVAILABLE
AV_90437,CONS_100042,2026-02-27,'14:00','22:00',BOOKED
AV_90438,CONS_100043,2026-02-17,'14:00','22:00',AVAILABLE
AV_90439,CONS_100043,2026-02-17,'08:00','16:00',BOOKED
AV_90440,CONS_100043,2026-02-18,'08:00','16:00',AVAILABLE
AV_90441,CONS_100043,2026-02-18,'06:00','14:00',AVAILABLE
AV_90442,CONS_100043,2026-02-19,'08:00','16:00',BOOKED
AV_90443,CONS_100043,2026-02-20,'14:00','22:00',AVAILABLE
AV_90444,CONS_100043,2026-02-20,'06:00','14:00',AVAILABLE
AV_90445,CONS_100043,2026-02-24,'06:00','14:00',AVAILABLE
AV_90446,CONS_100043,2026-02-25,'08:00','16:00',AVAILABLE
AV_90447,CONS_100043,2026-02-26,'06:00','14:00',AVAILABLE
AV_90448,CONS_100043,2026-02-27,'08:00','16:00',BOOKED
AV_90449,CONS_100044,2026-02-16,'14:00','22:00',AVAILABLE
AV_90450,CONS_100044,2026-02-16,'08:00','16:00',AVAILABLE
AV_90451,CONS_100044,2026-02-17,'08:00','16:00',BOOKED
AV_90452,CONS_100044,2026-02-18,'14:00','22:00',BOOKED
AV_90453,CONS_100044,2026-02-18,'08:00','16:00',AVAILABLE
AV_90454,CONS_100044,2026-02-20,'08:00','16:00',AVAILABLE
AV_90455,CONS_100044,2026-02-25,'14:00','22:00',BOOKED
AV_90456,CONS_100044,2026-02-26,'08:00','16:00',AVAILABLE
AV_90457,CONS_100044,2026-02-26,'06:00','14:00',SICK
AV_90458,CONS_100044,2026-02-27,'08:00','16:00',AVAILABLE
AV_90459,CONS_100045,2026-02-16,'06:00','14:00',AVAILABLE
AV_90460,CONS_100045,2026-02-17,'08:00','16:00',BOOKED
AV_90461,CONS_100045,2026-02-18,'08:00','16:00',AVAILABLE
AV_90462,CONS_100045,2026-02-19,'14:00','22:00',BOOKED
AV_90463,CONS_100045,2026-02-20,'14:00','22:00',AVAILABLE
AV_90464,CONS_100045,2026-02-20,'06:00','14:00',AVAILABLE
AV_90465,CONS_100045,2026-02-23,'08:00','16:00',AVAILABLE
AV_90466,CONS_100045,2026-02-24,'08:00','16:00',BOOKED
AV_90467,CONS_100045,2026-02-26,'08:00','16:00',AVAILABLE
AV_90468,CONS_100045,2026-02-27,'14:00','22:00',BOOKED
AV_90469,CONS_100045,2026-02-27,'06:00','14:00',SICK
AV_90470,CONS_100046,2026-02-16,'14:00','22:00',BOOKED
AV_90471,CONS_100046,2026-02-16,'06:00','14:00',BOOKED
AV_90472,CONS_100046,2026-02-17,'08:00','16:00',AVAILABLE
AV_90473,CONS_100046,2026-02-19,'14:00','22:00',AVAILABLE
AV_90474,CONS_100046,2026-02-19,'08:00','16:00',AVAILABLE
AV_90475,CONS_100046,2026-02-24,'08:00','16:00',AVAILABLE
AV_90476,CONS_100046,2026-02-25,'06:00','14:00',AVAILABLE
AV_90477,CONS_100046,2026-02-25,'14:00','22:00',BOOKED
AV_90478,CONS_100046,2026-02-26,'06:00','14:00',BOOKED
AV_90479,CONS_100046,2026-02-26,'08:00','16:00',AVAILABLE
AV_90480,CONS_100047,2026-02-16,'14:00','22:00',AVAILABLE
AV_90481,CONS_100047,2026-02-17,'14:00','22:00',AVAILABLE
AV_90482,CONS_100047,2026-02-18,'08:00','16:00',AVAILABLE
AV_90483,CONS_100047,2026-02-18,'06:00','14:00',AVAILABLE
AV_90484,CONS_100047,2026-02-19,'14:00','22:00',AVAILABLE
AV_90485,CONS_100047,2026-02-20,'06:00','14:00',BOOKED
AV_90486,CONS_100047,2026-02-23,'08:00','16:00',BOOKED
AV_90487,CONS_100047,2026-02-23,'14:00','22:00',BOOKED
AV_90488,CONS_100047,2026-02-24,'08:00','16:00',AVAILABLE
AV_90489,CONS_100047,2026-02-24,'06:00','14:00',AVAILABLE
AV_90490,CONS_100047,2026-02-26,'14:00','22:00',AVAILABLE
AV_90491,CONS_100047,2026-02-26,'06:00','14:00',AVAILABLE
AV_90492,CONS_100047,2026-02-27,'14:00','22:00',BOOKED
AV_90493,CONS_100048,2026-02-16,'14:00','22:00',AVAILABLE
AV_90494,CONS_100048,2026-02-17,'14:00','22:00',SICK
AV_90495,CONS_100048,2026-02-17,'08:00','16:00',AVAILABLE
AV_90496,CONS_100048,2026-02-19,'06:00','14:00',BOOKED
AV_90497,CONS_100048,2026-02-20,'06:00','14:00',BOOKED
AV_90498,CONS_100048,2026-02-23,'14:00','22:00',AVAILABLE
AV_90499,CONS_100048,2026-02-23,'06:00','14:00',BOOKED
AV_90500,CONS_100048,2026-02-24,'08:00','16:00',SICK
AV_90501,CONS_100048,2026-02-26,'06:00','14:00',AVAILABLE
AV_90502,CONS_100048,2026-02-26,'08:00','16:00',AVAILABLE
AV_90503,CONS_100049,2026-02-16,'08:00','16:00',AVAILABLE
AV_90504,CONS_100049,2026-02-18,'06:00','14:00',BOOKED
AV_90505,CONS_100049,2026-02-18,'08:00','16:00',BOOKED
AV_90506,CONS_100049,2026-02-19,'06:00','14:00',BOOKED
AV_90507,CONS_100049,2026-02-20,'08:00','16:00',AVAILABLE
AV_90508,CONS_100049,2026-02-23,'14:00','22:00',BOOKED
AV_90509,CONS_100049,2026-02-23,'08:00','16:00',AVAILABLE
AV_90510,CONS_100049,2026-02-24,'06:00','14:00',AVAILABLE
AV_90511,CONS_100049,2026-02-26,'14:00','22:00',AVAILABLE
AV_90512,CONS_100049,2026-02-27,'14:00','22:00',SICK
AV_90513,CONS_100050,2026-02-16,'14:00','22:00',AVAILABLE
AV_90514,CONS_100050,2026-02-17,'08:00','16:00',AVAILABLE
AV_90515,CONS_100050,2026-02-17,'14:00','22:00',BOOKED
AV_90516,CONS_100050,2026-02-18,'14:00','22:00',AVAILABLE
AV_90517,CONS_100050,2026-02-19,'14:00','22:00',AVAILABLE
AV_90518,CONS_100050,2026-02-19,'08:00','16:00',SICK
AV_90519,CONS_100050,2026-02-20,'14:00','22:00',AVAILABLE
AV_90520,CONS_100050,2026-02-20,'06:00','14:00',SICK
AV_90521,CONS_100050,2026-02-23,'08:00','16:00',BOOKED
AV_90522,CONS_100050,2026-02-24,'06:00','14:00',AVAILABLE
AV_90523,CONS_100050,2026-02-25,'06:00','14:00',AVAILABLE
AV_90524,CONS_100050,2026-02-25,'14:00','22:00',AVAILABLE
AV_90525,CONS_100050,2026-02-27,'08:00','16:00',BOOKED
AV_90526,CONS_100051,2026-02-16,'08:00','16:00',AVAILABLE
AV_90527,CONS_100051,2026-02-17,'14:00','22:00',BOOKED
AV_90528,CONS_100051,2026-02-19,'14:00','22:00',AVAILABLE
AV_90529,CONS_100051,2026-02-20,'08:00','16:00',BOOKED
AV_90530,CONS_100051,2026-02-23,'14:00','22:00',AVAILABLE
AV_90531,CONS_100051,2026-02-24,'14:00','22:00',AVAILABLE
AV_90532,CONS_100051,2026-02-24,'08:00','16:00',BOOKED
AV_90533,CONS_100051,2026-02-26,'06:00','14:00',BOOKED
AV_90534,CONS_100051,2026-02-26,'08:00','16:00',AVAILABLE
AV_90535,CONS_100051,2026-02-27,'06:00','14:00',AVAILABLE
AV_90536,CONS_100052,2026-02-16,'06:00','14:00',BOOKED
AV_90537,CONS_100052,2026-02-16,'08:00','16:00',AVAILABLE
AV_90538,CONS_100052,2026-02-17,'14:00','22:00',BOOKED
AV_90539,CONS_100052,2026-02-18,'08:00','16:00',AVAILABLE
AV_90540,CONS_100052,2026-02-19,'14:00','22:00',AVAILABLE
AV_90541,CONS_100052,2026-02-19,'06:00','14:00',AVAILABLE
AV_90542,CONS_100052,2026-02-20,'08:00','16:00',AVAILABLE
AV_90543,CONS_100052,2026-02-23,'08:00','16:00',AVAILABLE
AV_90544,CONS_100052,2026-02-24,'06:00','14:00',BOOKED
AV_90545,CONS_100052,2026-02-25,'08:00','16:00',BOOKED
AV_90546,CONS_100052,2026-02-27,'08:00','16:00',AVAILABLE
AV_90547,CONS_100053,2026-02-16,'14:00','22:00',AVAILABLE
AV_90548,CONS_100053,2026-02-18,'14:00','22:00',BOOKED
AV_90549,CONS_100053,2026-02-19,'08:00','16:00',BOOKED
AV_90550,CONS_100053,2026-02-20,'14:00','22:00',AVAILABLE
AV_90551,CONS_100053,2026-02-23,'14:00','22:00',AVAILABLE
AV_90552,CONS_100053,2026-02-26,'14:00','22:00',AVAILABLE
AV_90553,CONS_100053,2026-02-27,'08:00','16:00',AVAILABLE
AV_90554,CONS_100053,2026-02-27,'06:00','14:00',BOOKED
AV_90555,CONS_100054,2026-02-17,'08:00','16:00',AVAILABLE
AV_90556,CONS_100054,2026-02-18,'06:00','14:00',AVAILABLE
AV_90557,CONS_100054,2026-02-18,'08:00','16:00',BOOKED
AV_90558,CONS_100054,2026-02-20,'08:00','16:00',AVAILABLE
AV_90559,CONS_100054,2026-02-24,'06:00','14:00',BOOKED
AV_90560,CONS_100054,2026-02-25,'14:00','22:00',BOOKED
AV_90561,CONS_100054,2026-02-25,'08:00','16:00',BOOKED
AV_90562,CONS_100054,2026-02-27,'06:00','14:00',BOOKED
AV_90563,CONS_100055,2026-02-16,'06:00','14:00',BOOKED
AV_90564,CONS_100055,2026-02-18,'08:00','16:00',BOOKED
AV_90565,CONS_100055,2026-02-18,'06:00','14:00',BOOKED
AV_90566,CONS_100055,2026-02-19,'08:00','16:00',AVAILABLE
AV_90567,CONS_100055,2026-02-19,'14:00','22:00',AVAILABLE
AV_90568,CONS_100055,2026-02-20,'14:00','22:00',BOOKED
AV_90569,CONS_100055,2026-02-20,'06:00','14:00',AVAILABLE
AV_90570,CONS_100055,2026-02-23,'06:00','14:00',BOOKED
AV_90571,CONS_100055,2026-02-26,'06:00','14:00',BOOKED
AV_90572,CONS_100055,2026-02-27,'06:00','14:00',AVAILABLE
AV_90573,CONS_100056,2026-02-17,'06:00','14:00',AVAILABLE
AV_90574,CONS_100056,2026-02-18,'14:00','22:00',BOOKED
AV_90575,CONS_100056,2026-02-19,'06:00','14:00',BOOKED
AV_90576,CONS_100056,2026-02-20,'08:00','16:00',AVAILABLE
AV_90577,CONS_100056,2026-02-23,'14:00','22:00',AVAILABLE
AV_90578,CONS_100056,2026-02-25,'08:00','16:00',BOOKED
AV_90579,CONS_100056,2026-02-26,'06:00','14:00',BOOKED
AV_90580,CONS_100056,2026-02-26,'08:00','16:00',AVAILABLE
AV_90581,CONS_100056,2026-02-27,'08:00','16:00',BOOKED
AV_90582,CONS_100056,2026-02-27,'06:00','14:00',BOOKED
AV_90583,CONS_100057,2026-02-17,'06:00','14:00',BOOKED
AV_90584,CONS_100057,2026-02-18,'08:00','16:00',BOOKED
AV_90585,CONS_100057,2026-02-19,'06:00','14:00',BOOKED
AV_90586,CONS_100057,2026-02-19,'08:00','16:00',AVAILABLE
AV_90587,CONS_100057,2026-02-25,'08:00','16:00',BOOKED
AV_90588,CONS_100057,2026-02-25,'06:00','14:00',BOOKED
AV_90589,CONS_100057,2026-02-26,'08:00','16:00',SICK
AV_90590,CONS_100057,2026-02-27,'06:00','14:00',AVAILABLE
AV_90591,CONS_100058,2026-02-19,'06:00','14:00',AVAILABLE
AV_90592,CONS_100058,2026-02-20,'06:00','14:00',BOOKED
AV_90593,CONS_100058,2026-02-23,'06:00','14:00',AVAILABLE
AV_90594,CONS_100058,2026-02-23,'14:00','22:00',AVAILABLE
AV_90595,CONS_100058,2026-02-24,'14:00','22:00',AVAILABLE
AV_90596,CONS_100058,2026-02-25,'08:00','16:00',BOOKED
AV_90597,CONS_100058,2026-02-26,'06:00','14:00',BOOKED
AV_90598,CONS_100058,2026-02-26,'14:00','22:00',AVAILABLE
AV_90599,CONS_100058,2026-02-27,'06:00','14:00',BOOKED
AV_90600,CONS_100059,2026-02-16,'14:00','22:00',SICK
AV_90601,CONS_100059,2026-02-16,'08:00','16:00',AVAILABLE
AV_90602,CONS_100059,2026-02-17,'08:00','16:00',BOOKED
AV_90603,CONS_100059,2026-02-17,'06:00','14:00',AVAILABLE
AV_90604,CONS_100059,2026-02-19,'08:00','16:00',BOOKED
AV_90605,CONS_100059,2026-02-20,'06:00','14:00',BOOKED
AV_90606,CONS_100059,2026-02-24,'08:00','16:00',BOOKED
AV_90607,CONS_100059,2026-02-26,'14:00','22:00',AVAILABLE
AV_90608,CONS_100060,2026-02-16,'14:00','22:00',AVAILABLE
AV_90609,CONS_100060,2026-02-16,'06:00','14:00',BOOKED
AV_90610,CONS_100060,2026-02-17,'08:00','16:00',BOOKED
AV_90611,CONS_100060,2026-02-18,'14:00','22:00',BOOKED
AV_90612,CONS_100060,2026-02-23,'06:00','14:00',AVAILABLE
AV_90613,CONS_100060,2026-02-24,'06:00','14:00',BOOKED
AV_90614,CONS_100060,2026-02-26,'08:00','16:00',AVAILABLE
AV_90615,CONS_100061,2026-02-16,'06:00','14:00',AVAILABLE
AV_90616,CONS_100061,2026-02-17,'06:00','14:00',AVAILABLE
AV_90617,CONS_100061,2026-02-18,'14:00','22:00',AVAILABLE
AV_90618,CONS_100061,2026-02-18,'08:00','16:00',SICK
AV_90619,CONS_100061,2026-02-20,'08:00','16:00',BOOKED
AV_90620,CONS_100061,2026-02-20,'06:00','14:00',AVAILABLE
AV_90621,CONS_100061,2026-02-23,'06:00','14:00',AVAILABLE
AV_90622,CONS_100061,2026-02-23,'08:00','16:00',AVAILABLE
AV_90623,CONS_100061,2026-02-24,'06:00','14:00',AVAILABLE
AV_90624,CONS_100061,2026-02-25,'06:00','14:00',AVAILABLE
AV_90625,CONS_100061,2026-02-26,'06:00','14:00',BOOKED
AV_90626,CONS_100061,2026-02-26,'14:00','22:00',BOOKED
AV_90627,CONS_100062,2026-02-17,'08:00','16:00',BOOKED
AV_90628,CONS_100062,2026-02-17,'14:00','22:00',AVAILABLE
AV_90629,CONS_100062,2026-02-18,'08:00','16:00',AVAILABLE
AV_90630,CONS_100062,2026-02-23,'06:00','14:00',AVAILABLE
AV_90631,CONS_100062,2026-02-24,'06:00','14:00',BOOKED
AV_90632,CONS_100062,2026-02-26,'14:00','22:00',BOOKED
AV_90633,CONS_100062,2026-02-27,'08:00','16:00',BOOKED
AV_90634,CONS_100063,2026-02-16,'14:00','22:00',AVAILABLE
AV_90635,CONS_100063,2026-02-17,'06:00','14:00',BOOKED
AV_90636,CONS_100063,2026-02-17,'08:00','16:00',BOOKED
AV_90637,CONS_100063,2026-02-18,'14:00','22:00',BOOKED
AV_90638,CONS_100063,2026-02-23,'08:00','16:00',BOOKED
AV_90639,CONS_100063,2026-02-24,'14:00','22:00',BOOKED
AV_90640,CONS_100063,2026-02-24,'06:00','14:00',AVAILABLE
AV_90641,CONS_100063,2026-02-25,'14:00','22:00',BOOKED
AV_90642,CONS_100063,2026-02-27,'06:00','14:00',AVAILABLE
AV_90643,CONS_100064,2026-02-17,'14:00','22:00',BOOKED
AV_90644,CONS_100064,2026-02-17,'06:00','14:00',AVAILABLE
AV_90645,CONS_100064,2026-02-18,'14:00','22:00',AVAILABLE
AV_90646,CONS_100064,2026-02-18,'06:00','14:00',AVAILABLE
AV_90647,CONS_100064,2026-02-19,'06:00','14:00',AVAILABLE
AV_90648,CONS_100064,2026-02-19,'14:00','22:00',BOOKED
AV_90649,CONS_100064,2026-02-20,'14:00','22:00',BOOKED
AV_90650,CONS_100064,2026-02-23,'08:00','16:00',AVAILABLE
AV_90651,CONS_100064,2026-02-23,'06:00','14:00',BOOKED
AV_90652,CONS_100064,2026-02-24,'08:00','16:00',AVAILABLE
AV_90653,CONS_100064,2026-02-24,'06:00','14:00',AVAILABLE
AV_90654,CONS_100064,2026-02-26,'08:00','16:00',AVAILABLE
AV_90655,CONS_100064,2026-02-27,'14:00','22:00',SICK
AV_90656,CONS_100065,2026-02-17,'08:00','16:00',BOOKED
AV_90657,CONS_100065,2026-02-18,'08:00','16:00',BOOKED
AV_90658,CONS_100065,2026-02-20,'08:00','16:00',BOOKED
AV_90659,CONS_100065,2026-02-25,'06:00','14:00',BOOKED
AV_90660,CONS_100065,2026-02-27,'06:00','14:00',BOOKED
AV_90661,CONS_100066,2026-02-16,'08:00','16:00',AVAILABLE
AV_90662,CONS_100066,2026-02-18,'14:00','22:00',AVAILABLE
AV_90663,CONS_100066,2026-02-20,'08:00','16:00',AVAILABLE
AV_90664,CONS_100066,2026-02-20,'06:00','14:00',AVAILABLE
AV_90665,CONS_100066,2026-02-23,'14:00','22:00',AVAILABLE
AV_90666,CONS_100066,2026-02-24,'14:00','22:00',BOOKED
AV_90667,CONS_100066,2026-02-25,'14:00','22:00',BOOKED
AV_90668,CONS_100066,2026-02-25,'06:00','14:00',AVAILABLE
AV_90669,CONS_100066,2026-02-26,'06:00','14:00',AVAILABLE
AV_90670,CONS_100066,2026-02-26,'08:00','16:00',BOOKED
AV_90671,CONS_100066,2026-02-27,'08:00','16:00',BOOKED
AV_90672,CONS_100067,2026-02-17,'14:00','22:00',AVAILABLE
AV_90673,CONS_100067,2026-02-18,'06:00','14:00',BOOKED
AV_90674,CONS_100067,2026-02-19,'14:00','22:00',AVAILABLE
AV_90675,CONS_100067,2026-02-20,'08:00','16:00',AVAILABLE
AV_90676,CONS_100067,2026-02-23,'06:00','14:00',BOOKED
AV_90677,CONS_100067,2026-02-25,'06:00','14:00',AVAILABLE
AV_90678,CONS_100067,2026-02-26,'06:00','14:00',BOOKED
AV_90679,CONS_100067,2026-02-27,'14:00','22:00',AVAILABLE
AV_90680,CONS_100068,2026-02-19,'08:00','16:00',AVAILABLE
AV_90681,CONS_100068,2026-02-19,'14:00','22:00',AVAILABLE
AV_90682,CONS_100068,2026-02-20,'06:00','14:00',BOOKED
AV_90683,CONS_100068,2026-02-20,'08:00','16:00',SICK
AV_90684,CONS_100068,2026-02-23,'06:00','14:00',AVAILABLE
AV_90685,CONS_100068,2026-02-24,'06:00','14:00',AVAILABLE
AV_90686,CONS_100068,2026-02-27,'08:00','16:00',BOOKED
AV_90687,CONS_100068,2026-02-27,'14:00','22:00',AVAILABLE
AV_90688,CONS_100069,2026-02-17,'14:00','22:00',BOOKED
AV_90689,CONS_100069,2026-02-18,'06:00','14:00',AVAILABLE
AV_90690,CONS_100069,2026-02-19,'08:00','16:00',AVAILABLE
AV_90691,CONS_100069,2026-02-20,'06:00','14:00',BOOKED
AV_90692,CONS_100069,2026-02-23,'08:00','16:00',BOOKED
AV_90693,CONS_100069,2026-02-24,'08:00','16:00',AVAILABLE
AV_90694,CONS_100069,2026-02-24,'14:00','22:00',AVAILABLE
AV_90695,CONS_100069,2026-02-25,'06:00','14:00',AVAILABLE
AV_90696,CONS_100069,2026-02-27,'06:00','14:00',BOOKED
AV_90697,CONS_100069,2026-02-27,'14:00','22:00',AVAILABLE
AV_90698,CONS_100070,2026-02-16,'08:00','16:00',AVAILABLE
AV_90699,CONS_100070,2026-02-17,'14:00','22:00',BOOKED
AV_90700,CONS_100070,2026-02-18,'08:00','16:00',AVAILABLE
AV_90701,CONS_100070,2026-02-19,'06:00','14:00',AVAILABLE
AV_90702,CONS_100070,2026-02-20,'08:00','16:00',AVAILABLE
AV_90703,CONS_100070,2026-02-20,'06:00','14:00',BOOKED
AV_90704,CONS_100070,2026-02-23,'06:00','14:00',AVAILABLE
AV_90705,CONS_100070,2026-02-24,'08:00','16:00',BOOKED
AV_90706,CONS_100070,2026-02-25,'14:00','22:00',AVAILABLE
AV_90707,CONS_100070,2026-02-26,'06:00','14:00',BOOKED
AV_90708,CONS_100071,2026-02-17,'06:00','14:00',SICK
AV_90709,CONS_100071,2026-02-17,'14:00','22:00',AVAILABLE
AV_90710,CONS_100071,2026-02-18,'06:00','14:00',BOOKED
AV_90711,CONS_100071,2026-02-19,'06:00','14:00',BOOKED
AV_90712,CONS_100071,2026-02-20,'08:00','16:00',BOOKED
AV_90713,CONS_100071,2026-02-23,'06:00','14:00',BOOKED
AV_90714,CONS_100071,2026-02-23,'08:00','16:00',AVAILABLE
AV_90715,CONS_100071,2026-02-25,'06:00','14:00',AVAILABLE
AV_90716,CONS_100071,2026-02-27,'06:00','14:00',BOOKED
AV_90717,CONS_100072,2026-02-18,'08:00','16:00',AVAILABLE
AV_90718,CONS_100072,2026-02-19,'08:00','16:00',AVAILABLE
AV_90719,CONS_100072,2026-02-19,'14:00','22:00',AVAILABLE
AV_90720,CONS_100072,2026-02-20,'14:00','22:00',AVAILABLE
AV_90721,CONS_100072,2026-02-23,'06:00','14:00',AVAILABLE
AV_90722,CONS_100072,2026-02-25,'06:00','14:00',BOOKED
AV_90723,CONS_100072,2026-02-26,'14:00','22:00',BOOKED
AV_90724,CONS_100072,2026-02-26,'06:00','14:00',BOOKED
AV_90725,CONS_100072,2026-02-27,'08:00','16:00',BOOKED
AV_90726,CONS_100073,2026-02-17,'08:00','16:00',BOOKED
AV_90727,CONS_100073,2026-02-18,'06:00','14:00',BOOKED
AV_90728,CONS_100073,2026-02-19,'06:00','14:00',AVAILABLE
AV_90729,CONS_100073,2026-02-19,'14:00','22:00',AVAILABLE
AV_90730,CONS_100073,2026-02-24,'08:00','16:00',AVAILABLE
AV_90731,CONS_100073,2026-02-24,'14:00','22:00',BOOKED
AV_90732,CONS_100073,2026-02-26,'08:00','16:00',BOOKED
AV_90733,CONS_100073,2026-02-27,'14:00','22:00',BOOKED
AV_90734,CONS_100074,2026-02-16,'06:00','14:00',BOOKED
AV_90735,CONS_100074,2026-02-18,'14:00','22:00',BOOKED
AV_90736,CONS_100074,2026-02-23,'06:00','14:00',BOOKED
AV_90737,CONS_100074,2026-02-23,'08:00','16:00',BOOKED
AV_90738,CONS_100074,2026-02-24,'06:00','14:00',BOOKED
AV_90739,CONS_100074,2026-02-24,'14:00','22:00',BOOKED
AV_90740,CONS_100074,2026-02-25,'08:00','16:00',AVAILABLE
AV_90741,CONS_100075,2026-02-16,'14:00','22:00',AVAILABLE
AV_90742,CONS_100075,2026-02-17,'14:00','22:00',BOOKED
AV_90743,CONS_100075,2026-02-17,'08:00','16:00',AVAILABLE
AV_90744,CONS_100075,2026-02-19,'08:00','16:00',AVAILABLE
AV_90745,CONS_100075,2026-02-19,'06:00','14:00',BOOKED
AV_90746,CONS_100075,2026-02-20,'08:00','16:00',AVAILABLE
AV_90747,CONS_100075,2026-02-23,'08:00','16:00',AVAILABLE
AV_90748,CONS_100075,2026-02-24,'06:00','14:00',BOOKED
AV_90749,CONS_100075,2026-02-25,'14:00','22:00',AVAILABLE
AV_90750,CONS_100075,2026-02-26,'14:00','22:00',BOOKED
AV_90751,CONS_100075,2026-02-27,'08:00','16:00',BOOKED
AV_90752,CONS_100076,2026-02-16,'06:00','14:00',AVAILABLE
AV_90753,CONS_100076,2026-02-17,'14:00','22:00',BOOKED
AV_90754,CONS_100076,2026-02-17,'06:00','14:00',BOOKED
AV_90755,CONS_100076,2026-02-24,'08:00','16:00',BOOKED
AV_90756,CONS_100076,2026-02-24,'06:00','14:00',BOOKED
AV_90757,CONS_100076,2026-02-25,'06:00','14:00',AVAILABLE
AV_90758,CONS_100077,2026-02-16,'08:00','16:00',AVAILABLE
AV_90759,CONS_100077,2026-02-16,'14:00','22:00',AVAILABLE
AV_90760,CONS_100077,2026-02-17,'14:00','22:00',AVAILABLE
AV_90761,CONS_100077,2026-02-17,'08:00','16:00',AVAILABLE
AV_90762,CONS_100077,2026-02-18,'06:00','14:00',AVAILABLE
AV_90763,CONS_100077,2026-02-18,'08:00','16:00',BOOKED
AV_90764,CONS_100077,2026-02-19,'08:00','16:00',AVAILABLE
AV_90765,CONS_100077,2026-02-19,'06:00','14:00',AVAILABLE
AV_90766,CONS_100077,2026-02-20,'14:00','22:00',AVAILABLE
AV_90767,CONS_100077,2026-02-24,'06:00','14:00',AVAILABLE
AV_90768,CONS_100077,2026-02-24,'14:00','22:00',BOOKED
AV_90769,CONS_100077,2026-02-25,'06:00','14:00',AVAILABLE
AV_90770,CONS_100077,2026-02-25,'14:00','22:00',AVAILABLE
AV_90771,CONS_100077,2026-02-27,'06:00','14:00',BOOKED
AV_90772,CONS_100077,2026-02-27,'14:00','22:00',AVAILABLE
AV_90773,CONS_100078,2026-02-16,'06:00','14:00',AVAILABLE
AV_90774,CONS_100078,2026-02-17,'14:00','22:00',AVAILABLE
AV_90775,CONS_100078,2026-02-18,'08:00','16:00',BOOKED
AV_90776,CONS_100078,2026-02-18,'14:00','22:00',SICK
AV_90777,CONS_100078,2026-02-19,'06:00','14:00',BOOKED
AV_90778,CONS_100078,2026-02-20,'08:00','16:00',BOOKED
AV_90779,CONS_100078,2026-02-25,'14:00','22:00',BOOKED
AV_90780,CONS_100078,2026-02-26,'08:00','16:00',BOOKED
AV_90781,CONS_100078,2026-02-27,'08:00','16:00',AVAILABLE
AV_90782,CONS_100079,2026-02-16,'08:00','16:00',BOOKED
AV_90783,CONS_100079,2026-02-18,'06:00','14:00',AVAILABLE
AV_90784,CONS_100079,2026-02-18,'14:00','22:00',BOOKED
AV_90785,CONS_100079,2026-02-19,'08:00','16:00',AVAILABLE
AV_90786,CONS_100079,2026-02-20,'06:00','14:00',AVAILABLE
AV_90787,CONS_100079,2026-02-23,'08:00','16:00',AVAILABLE
AV_90788,CONS_100079,2026-02-24,'14:00','22:00',AVAILABLE
AV_90789,CONS_100079,2026-02-27,'08:00','16:00',BOOKED
AV_90790,CONS_100079,2026-02-27,'06:00','14:00',AVAILABLE
AV_90791,CONS_100080,2026-02-16,'06:00','14:00',BOOKED
AV_90792,CONS_100080,2026-02-16,'08:00','16:00',AVAILABLE
AV_90793,CONS_100080,2026-02-17,'08:00','16:00',AVAILABLE
AV_90794,CONS_100080,2026-02-18,'08:00','16:00',AVAILABLE
AV_90795,CONS_100080,2026-02-19,'14:00','22:00',BOOKED
AV_90796,CONS_100080,2026-02-19,'08:00','16:00',AVAILABLE
AV_90797,CONS_100080,2026-02-20,'06:00','14:00',BOOKED
AV_90798,CONS_100080,2026-02-23,'14:00','22:00',AVAILABLE
AV_90799,CONS_100080,2026-02-24,'06:00','14:00',AVAILABLE
AV_90800,CONS_100080,2026-02-25,'08:00','16:00',BOOKED
AV_90801,CONS_100080,2026-02-26,'14:00','22:00',AVAILABLE
AV_90802,CONS_100080,2026-02-26,'08:00','16:00',AVAILABLE
AV_90803,CONS_100080,2026-02-27,'06:00','14:00',AVAILABLE
AV_90804,CONS_100081,2026-02-16,'06:00','14:00',AVAILABLE
AV_90805,CONS_100081,2026-02-17,'08:00','16:00',BOOKED
AV_90806,CONS_100081,2026-02-19,'08:00','16:00',AVAILABLE
AV_90807,CONS_100081,2026-02-19,'06:00','14:00',BOOKED
AV_90808,CONS_100081,2026-02-20,'06:00','14:00',AVAILABLE
AV_90809,CONS_100081,2026-02-23,'08:00','16:00',SICK
AV_90810,CONS_100081,2026-02-24,'08:00','16:00',BOOKED
AV_90811,CONS_100081,2026-02-25,'06:00','14:00',AVAILABLE
AV_90812,CONS_100081,2026-02-27,'14:00','22:00',BOOKED
AV_90813,CONS_100082,2026-02-16,'14:00','22:00',AVAILABLE
AV_90814,CONS_100082,2026-02-17,'08:00','16:00',BOOKED
AV_90815,CONS_100082,2026-02-17,'06:00','14:00',BOOKED
AV_90816,CONS_100082,2026-02-18,'14:00','22:00',BOOKED
AV_90817,CONS_100082,2026-02-19,'14:00','22:00',BOOKED
AV_90818,CONS_100082,2026-02-19,'08:00','16:00',AVAILABLE
AV_90819,CONS_100082,2026-02-20,'08:00','16:00',AVAILABLE
AV_90820,CONS_100082,2026-02-23,'14:00','22:00',AVAILABLE
AV_90821,CONS_100082,2026-02-24,'14:00','22:00',AVAILABLE
AV_90822,CONS_100082,2026-02-24,'06:00','14:00',BOOKED
AV_90823,CONS_100082,2026-02-25,'06:00','14:00',AVAILABLE
AV_90824,CONS_100082,2026-02-27,'06:00','14:00',AVAILABLE
AV_90825,CONS_100083,2026-02-16,'06:00','14:00',BOOKED
AV_90826,CONS_100083,2026-02-18,'06:00','14:00',AVAILABLE
AV_90827,CONS_100083,2026-02-18,'08:00','16:00',BOOKED
AV_90828,CONS_100083,2026-02-19,'06:00','14:00',AVAILABLE
AV_90829,CONS_100083,2026-02-19,'14:00','22:00',AVAILABLE
AV_90830,CONS_100083,2026-02-20,'14:00','22:00',BOOKED
AV_90831,CONS_100083,2026-02-23,'14:00','22:00',AVAILABLE
AV_90832,CONS_100083,2026-02-24,'14:00','22:00',AVAILABLE
AV_90833,CONS_100083,2026-02-25,'08:00','16:00',AVAILABLE
AV_90834,CONS_100083,2026-02-25,'06:00','14:00',AVAILABLE
AV_90835,CONS_100083,2026-02-26,'14:00','22:00',BOOKED
AV_90836,CONS_100083,2026-02-27,'06:00','14:00',AVAILABLE
AV_90837,CONS_100084,2026-02-16,'08:00','16:00',AVAILABLE
AV_90838,CONS_100084,2026-02-20,'08:00','16:00',BOOKED
AV_90839,CONS_100084,2026-02-20,'14:00','22:00',AVAILABLE
AV_90840,CONS_100084,2026-02-23,'08:00','16:00',BOOKED
AV_90841,CONS_100084,2026-02-24,'14:00','22:00',AVAILABLE
AV_90842,CONS_100084,2026-02-24,'08:00','16:00',AVAILABLE
AV_90843,CONS_100084,2026-02-25,'14:00','22:00',AVAILABLE
AV_90844,CONS_100084,2026-02-26,'08:00','16:00',BOOKED
AV_90845,CONS_100084,2026-02-26,'14:00','22:00',AVAILABLE
AV_90846,CONS_100085,2026-02-16,'08:00','16:00',AVAILABLE
AV_90847,CONS_100085,2026-02-17,'14:00','22:00',AVAILABLE
AV_90848,CONS_100085,2026-02-18,'06:00','14:00',AVAILABLE
AV_90849,CONS_100085,2026-02-19,'08:00','16:00',AVAILABLE
AV_90850,CONS_100085,2026-02-19,'14:00','22:00',AVAILABLE
AV_90851,CONS_100085,2026-02-20,'14:00','22:00',BOOKED
AV_90852,CONS_100085,2026-02-23,'08:00','16:00',AVAILABLE
AV_90853,CONS_100085,2026-02-24,'14:00','22:00',BOOKED
AV_90854,CONS_100085,2026-02-25,'08:00','16:00',AVAILABLE
AV_90855,CONS_100085,2026-02-25,'06:00','14:00',AVAILABLE
AV_90856,CONS_100085,2026-02-26,'06:00','14:00',AVAILABLE
AV_90857,CONS_100085,2026-02-27,'08:00','16:00',BOOKED
AV_90858,CONS_100085,2026-02-27,'06:00','14:00',BOOKED
AV_90859,CONS_100086,2026-02-17,'06:00','14:00',AVAILABLE
AV_90860,CONS_100086,2026-02-17,'14:00','22:00',BOOKED
AV_90861,CONS_100086,2026-02-18,'06:00','14:00',AVAILABLE
AV_90862,CONS_100086,2026-02-19,'06:00','14:00',AVAILABLE
AV_90863,CONS_100086,2026-02-23,'08:00','16:00',AVAILABLE
AV_90864,CONS_100086,2026-02-25,'06:00','14:00',AVAILABLE
AV_90865,CONS_100086,2026-02-25,'14:00','22:00',AVAILABLE
AV_90866,CONS_100086,2026-02-26,'14:00','22:00',BOOKED
AV_90867,CONS_100086,2026-02-27,'14:00','22:00',BOOKED
AV_90868,CONS_100087,2026-02-16,'06:00','14:00',AVAILABLE
AV_90869,CONS_100087,2026-02-18,'06:00','14:00',AVAILABLE
AV_90870,CONS_100087,2026-02-18,'08:00','16:00',AVAILABLE
AV_90871,CONS_100087,2026-02-19,'06:00','14:00',BOOKED
AV_90872,CONS_100087,2026-02-24,'14:00','22:00',AVAILABLE
AV_90873,CONS_100087,2026-02-25,'08:00','16:00',AVAILABLE
AV_90874,CONS_100087,2026-02-26,'06:00','14:00',SICK
AV_90875,CONS_100087,2026-02-26,'14:00','22:00',BOOKED
AV_90876,CONS_100087,2026-02-27,'14:00','22:00',AVAILABLE
AV_90877,CONS_100088,2026-02-16,'06:00','14:00',BOOKED
AV_90878,CONS_100088,2026-02-17,'14:00','22:00',BOOKED
AV_90879,CONS_100088,2026-02-19,'08:00','16:00',AVAILABLE
AV_90880,CONS_100088,2026-02-23,'08:00','16:00',BOOKED
AV_90881,CONS_100088,2026-02-24,'14:00','22:00',BOOKED
AV_90882,CONS_100088,2026-02-24,'08:00','16:00',BOOKED
AV_90883,CONS_100088,2026-02-25,'14:00','22:00',AVAILABLE
AV_90884,CONS_100089,2026-02-17,'14:00','22:00',BOOKED
AV_90885,CONS_100089,2026-02-17,'08:00','16:00',AVAILABLE
AV_90886,CONS_100089,2026-02-18,'08:00','16:00',AVAILABLE
AV_90887,CONS_100089,2026-02-19,'14:00','22:00',BOOKED
AV_90888,CONS_100089,2026-02-20,'08:00','16:00',AVAILABLE
AV_90889,CONS_100089,2026-02-23,'08:00','16:00',BOOKED
AV_90890,CONS_100089,2026-02-23,'06:00','14:00',BOOKED
AV_90891,CONS_100089,2026-02-24,'06:00','14:00',AVAILABLE
AV_90892,CONS_100089,2026-02-27,'08:00','16:00',AVAILABLE
AV_90893,CONS_100089,2026-02-27,'06:00','14:00',AVAILABLE
AV_90894,CONS_100090,2026-02-17,'08:00','16:00',BOOKED
AV_90895,CONS_100090,2026-02-19,'06:00','14:00',BOOKED
AV_90896,CONS_100090,2026-02-19,'14:00','22:00',SICK
AV_90897,CONS_100090,2026-02-20,'06:00','14:00',AVAILABLE
AV_90898,CONS_100090,2026-02-20,'08:00','16:00',BOOKED
AV_90899,CONS_100090,2026-02-24,'08:00','16:00',AVAILABLE
AV_90900,CONS_100090,2026-02-24,'06:00','14:00',AVAILABLE
AV_90901,CONS_100090,2026-02-27,'08:00','16:00',AVAILABLE
AV_90902,CONS_100091,2026-02-16,'14:00','22:00',AVAILABLE
AV_90903,CONS_100091,2026-02-19,'08:00','16:00',BOOKED
AV_90904,CONS_100091,2026-02-19,'06:00','14:00',AVAILABLE
AV_90905,CONS_100091,2026-02-20,'14:00','22:00',BOOKED
AV_90906,CONS_100091,2026-02-24,'08:00','16:00',AVAILABLE
AV_90907,CONS_100091,2026-02-25,'08:00','16:00',AVAILABLE
AV_90908,CONS_100091,2026-02-27,'14:00','22:00',AVAILABLE
AV_90909,CONS_100091,2026-02-27,'06:00','14:00',BOOKED
AV_90910,CONS_100092,2026-02-16,'14:00','22:00',AVAILABLE
AV_90911,CONS_100092,2026-02-17,'08:00','16:00',AVAILABLE
AV_90912,CONS_100092,2026-02-17,'14:00','22:00',BOOKED
AV_90913,CONS_100092,2026-02-18,'06:00','14:00',AVAILABLE
AV_90914,CONS_100092,2026-02-20,'08:00','16:00',AVAILABLE
AV_90915,CONS_100092,2026-02-20,'06:00','14:00',BOOKED
AV_90916,CONS_100092,2026-02-23,'06:00','14:00',AVAILABLE
AV_90917,CONS_100092,2026-02-23,'14:00','22:00',AVAILABLE
AV_90918,CONS_100092,2026-02-24,'06:00','14:00',AVAILABLE
AV_90919,CONS_100092,2026-02-24,'08:00','16:00',AVAILABLE
AV_90920,CONS_100092,2026-02-25,'08:00','16:00',BOOKED
AV_90921,CONS_100092,2026-02-26,'14:00','22:00',AVAILABLE
AV_90922,CONS_100093,2026-02-16,'06:00','14:00',BOOKED
AV_90923,CONS_100093,2026-02-17,'08:00','16:00',AVAILABLE
AV_90924,CONS_100093,2026-02-17,'14:00','22:00',BOOKED
AV_90925,CONS_100093,2026-02-18,'08:00','16:00',BOOKED
AV_90926,CONS_100093,2026-02-19,'06:00','14:00',AVAILABLE
AV_90927,CONS_100093,2026-02-19,'08:00','16:00',BOOKED
AV_90928,CONS_100093,2026-02-25,'14:00','22:00',BOOKED
AV_90929,CONS_100093,2026-02-26,'06:00','14:00',AVAILABLE
AV_90930,CONS_100093,2026-02-26,'14:00','22:00',AVAILABLE
AV_90931,CONS_100093,2026-02-27,'08:00','16:00',AVAILABLE
AV_90932,CONS_100094,2026-02-16,'14:00','22:00',BOOKED
AV_90933,CONS_100094,2026-02-17,'06:00','14:00',AVAILABLE
AV_90934,CONS_100094,2026-02-19,'08:00','16:00',BOOKED
AV_90935,CONS_100094,2026-02-23,'08:00','16:00',BOOKED
AV_90936,CONS_100094,2026-02-26,'08:00','16:00',BOOKED
AV_90937,CONS_100095,2026-02-16,'06:00','14:00',AVAILABLE
AV_90938,CONS_100095,2026-02-17,'06:00','14:00',AVAILABLE
AV_90939,CONS_100095,2026-02-17,'14:00','22:00',AVAILABLE
AV_90940,CONS_100095,2026-02-19,'06:00','14:00',AVAILABLE
AV_90941,CONS_100095,2026-02-20,'06:00','14:00',SICK
AV_90942,CONS_100095,2026-02-20,'08:00','16:00',BOOKED
AV_90943,CONS_100095,2026-02-24,'14:00','22:00',AVAILABLE
AV_90944,CONS_100095,2026-02-24,'06:00','14:00',BOOKED
AV_90945,CONS_100095,2026-02-25,'14:00','22:00',BOOKED
AV_90946,CONS_100095,2026-02-26,'06:00','14:00',AVAILABLE
AV_90947,CONS_100095,2026-02-27,'08:00','16:00',AVAILABLE
AV_90948,CONS_100096,2026-02-16,'08:00','16:00',AVAILABLE
AV_90949,CONS_100096,2026-02-16,'14:00','22:00',AVAILABLE
AV_90950,CONS_100096,2026-02-17,'14:00','22:00',AVAILABLE
AV_90951,CONS_100096,2026-02-18,'08:00','16:00',AVAILABLE
AV_90952,CONS_100096,2026-02-19,'14:00','22:00',AVAILABLE
AV_90953,CONS_100096,2026-02-20,'14:00','22:00',AVAILABLE
AV_90954,CONS_100096,2026-02-20,'06:00','14:00',BOOKED
AV_90955,CONS_100096,2026-02-23,'14:00','22:00',AVAILABLE
AV_90956,CONS_100096,2026-02-24,'08:00','16:00',BOOKED
AV_90957,CONS_100096,2026-02-25,'08:00','16:00',AVAILABLE
AV_90958,CONS_100096,2026-02-26,'08:00','16:00',BOOKED
AV_90959,CONS_100097,2026-02-17,'08:00','16:00',AVAILABLE
AV_90960,CONS_100097,2026-02-18,'08:00','16:00',BOOKED
AV_90961,CONS_100097,2026-02-18,'06:00','14:00',AVAILABLE
AV_90962,CONS_100097,2026-02-19,'08:00','16:00',AVAILABLE
AV_90963,CONS_100097,2026-02-20,'14:00','22:00',SICK
AV_90964,CONS_100097,2026-02-23,'14:00','22:00',BOOKED
AV_90965,CONS_100097,2026-02-24,'06:00','14:00',AVAILABLE
AV_90966,CONS_100097,2026-02-26,'06:00','14:00',AVAILABLE
AV_90967,CONS_100097,2026-02-26,'08:00','16:00',BOOKED
AV_90968,CONS_100097,2026-02-27,'08:00','16:00',BOOKED
AV_90969,CONS_100098,2026-02-16,'06:00','14:00',BOOKED
AV_90970,CONS_100098,2026-02-20,'08:00','16:00',BOOKED
AV_90971,CONS_100098,2026-02-20,'14:00','22:00',AVAILABLE
AV_90972,CONS_100098,2026-02-24,'06:00','14:00',BOOKED
AV_90973,CONS_100098,2026-02-26,'08:00','16:00',AVAILABLE
AV_90974,CONS_100098,2026-02-27,'14:00','22:00',BOOKED
AV_90975,CONS_100099,2026-02-16,'06:00','14:00',BOOKED
AV_90976,CONS_100099,2026-02-16,'08:00','16:00',SICK
AV_90977,CONS_100099,2026-02-18,'08:00','16:00',AVAILABLE
AV_90978,CONS_100099,2026-02-20,'14:00','22:00',BOOKED
AV_90979,CONS_100099,2026-02-25,'06:00','14:00',AVAILABLE
AV_90980,CONS_100099,2026-02-26,'06:00','14:00',BOOKED
AV_90981,CONS_100099,2026-02-26,'14:00','22:00',AVAILABLE
AV_90982,CONS_100099,2026-02-27,'08:00','16:00',BOOKED
AV_90983,CONS_100099,2026-02-27,'14:00','22:00',BOOKED
AV_90984,CONS_100100,2026-02-16,'08:00','16:00',BOOKED
AV_90985,CONS_100100,2026-02-17,'14:00','22:00',BOOKED
AV_90986,CONS_100100,2026-02-17,'06:00','14:00',AVAILABLE
AV_90987,CONS_100100,2026-02-18,'06:00','14:00',AVAILABLE
AV_90988,CONS_100100,2026-02-20,'08:00','16:00',AVAILABLE
AV_90989,CONS_100100,2026-02-23,'14:00','22:00',BOOKED
AV_90990,CONS_100100,2026-02-25,'14:00','22:00',AVAILABLE
AV_90991,CONS_100100,2026-02-25,'06:00','14:00',AVAILABLE
AV_90992,CONS_100100,2026-02-27,'14:00','22:00',BOOKED
